-- MySQL dump 10.13  Distrib 8.0.41, for Win64 (x86_64)
--
-- Host: localhost    Database: ordinances
-- ------------------------------------------------------
-- Server version	9.2.0

/*!40101 SET @OLD_CHARACTER_SET_CLIENT=@@CHARACTER_SET_CLIENT */;
/*!40101 SET @OLD_CHARACTER_SET_RESULTS=@@CHARACTER_SET_RESULTS */;
/*!40101 SET @OLD_COLLATION_CONNECTION=@@COLLATION_CONNECTION */;
/*!50503 SET NAMES utf8 */;
/*!40103 SET @OLD_TIME_ZONE=@@TIME_ZONE */;
/*!40103 SET TIME_ZONE='+00:00' */;
/*!40014 SET @OLD_UNIQUE_CHECKS=@@UNIQUE_CHECKS, UNIQUE_CHECKS=0 */;
/*!40014 SET @OLD_FOREIGN_KEY_CHECKS=@@FOREIGN_KEY_CHECKS, FOREIGN_KEY_CHECKS=0 */;
/*!40101 SET @OLD_SQL_MODE=@@SQL_MODE, SQL_MODE='NO_AUTO_VALUE_ON_ZERO' */;
/*!40111 SET @OLD_SQL_NOTES=@@SQL_NOTES, SQL_NOTES=0 */;

--
-- Table structure for table `budget_allocation`
--

DROP TABLE IF EXISTS `budget_allocation`;
/*!40101 SET @saved_cs_client     = @@character_set_client */;
/*!50503 SET character_set_client = utf8mb4 */;
CREATE TABLE `budget_allocation` (
  `id` int NOT NULL AUTO_INCREMENT,
  `ordinance_id` int DEFAULT NULL,
  `allocated_budget` decimal(15,2) DEFAULT NULL,
  `utilized_budget` decimal(15,2) DEFAULT NULL,
  `gad_budget` decimal(15,2) DEFAULT NULL,
  `financial_transparency_measures` text,
  PRIMARY KEY (`id`),
  KEY `ordinance_id` (`ordinance_id`),
  CONSTRAINT `budget_allocation_ibfk_1` FOREIGN KEY (`ordinance_id`) REFERENCES `ordinances` (`id`) ON DELETE CASCADE
) ENGINE=InnoDB AUTO_INCREMENT=225 DEFAULT CHARSET=utf8mb4 COLLATE=utf8mb4_0900_ai_ci;
/*!40101 SET character_set_client = @saved_cs_client */;

--
-- Dumping data for table `budget_allocation`
--

LOCK TABLES `budget_allocation` WRITE;
/*!40000 ALTER TABLE `budget_allocation` DISABLE KEYS */;
INSERT INTO `budget_allocation` VALUES (1,1,1000000.00,800000.00,150000.00,'Regular auditing and public disclosure of financial reports.'),(8,8,2500000.00,2200000.00,500000.00,'Detailed public reports on budget usage, open government initiatives.'),(12,1,NULL,NULL,NULL,NULL),(13,1,NULL,NULL,NULL,NULL),(14,2,NULL,NULL,NULL,NULL),(15,3,NULL,NULL,NULL,NULL),(16,4,NULL,NULL,NULL,NULL),(18,6,NULL,NULL,NULL,NULL),(19,7,NULL,NULL,NULL,NULL),(20,8,NULL,NULL,NULL,NULL),(21,9,NULL,NULL,NULL,NULL),(22,10,NULL,NULL,NULL,NULL),(23,11,NULL,NULL,NULL,NULL),(24,12,NULL,NULL,NULL,NULL),(25,13,NULL,NULL,NULL,NULL),(26,14,NULL,NULL,NULL,NULL),(27,15,NULL,NULL,NULL,NULL),(28,16,NULL,NULL,NULL,NULL),(29,17,NULL,NULL,NULL,NULL),(30,18,NULL,NULL,NULL,NULL),(31,19,NULL,NULL,NULL,NULL),(32,20,NULL,NULL,NULL,NULL),(33,21,NULL,NULL,NULL,NULL),(34,22,NULL,NULL,NULL,NULL),(35,23,NULL,NULL,NULL,NULL),(36,24,NULL,NULL,NULL,NULL),(37,25,NULL,NULL,NULL,NULL),(38,26,NULL,NULL,NULL,NULL),(39,27,NULL,NULL,NULL,NULL),(40,28,NULL,NULL,NULL,NULL),(41,29,NULL,NULL,NULL,NULL),(42,30,NULL,NULL,NULL,NULL),(43,31,NULL,NULL,NULL,NULL),(44,32,NULL,NULL,NULL,NULL),(45,33,NULL,NULL,NULL,NULL),(46,34,NULL,NULL,NULL,NULL),(47,35,NULL,NULL,NULL,NULL),(48,36,NULL,NULL,NULL,NULL),(49,37,NULL,NULL,NULL,NULL),(50,38,NULL,NULL,NULL,NULL),(51,39,NULL,NULL,NULL,NULL),(52,40,NULL,NULL,NULL,NULL),(53,41,NULL,NULL,NULL,NULL),(54,42,NULL,NULL,NULL,NULL),(55,43,NULL,NULL,NULL,NULL),(56,44,NULL,NULL,NULL,NULL),(57,45,NULL,NULL,NULL,NULL),(58,46,NULL,NULL,NULL,NULL),(59,47,NULL,NULL,NULL,NULL),(60,48,NULL,NULL,NULL,NULL),(61,49,NULL,NULL,NULL,NULL),(63,51,NULL,NULL,NULL,NULL),(64,52,NULL,NULL,NULL,NULL),(65,53,NULL,NULL,NULL,NULL),(66,54,NULL,NULL,NULL,NULL),(67,55,NULL,NULL,NULL,NULL),(68,56,NULL,NULL,NULL,NULL),(69,57,NULL,NULL,NULL,NULL),(70,58,NULL,NULL,NULL,NULL),(71,59,NULL,NULL,NULL,NULL),(72,60,NULL,NULL,NULL,NULL),(73,61,NULL,NULL,NULL,NULL),(74,62,NULL,NULL,NULL,NULL),(75,63,NULL,NULL,NULL,NULL),(76,64,NULL,NULL,NULL,NULL),(77,65,NULL,NULL,NULL,NULL),(78,66,NULL,NULL,NULL,NULL),(79,67,NULL,NULL,NULL,NULL),(80,68,NULL,NULL,NULL,NULL),(81,69,NULL,NULL,NULL,NULL),(82,70,NULL,NULL,NULL,NULL),(83,71,NULL,NULL,NULL,NULL),(84,72,NULL,NULL,NULL,NULL),(85,73,NULL,NULL,NULL,NULL),(86,74,NULL,NULL,NULL,NULL),(87,75,NULL,NULL,NULL,NULL),(88,76,NULL,NULL,NULL,NULL),(89,77,NULL,NULL,NULL,NULL),(90,78,NULL,NULL,NULL,NULL),(91,79,NULL,NULL,NULL,NULL),(92,80,NULL,NULL,NULL,NULL),(93,81,NULL,NULL,NULL,NULL),(94,82,NULL,NULL,NULL,NULL),(95,83,NULL,NULL,NULL,NULL),(96,84,NULL,NULL,NULL,NULL),(97,85,NULL,NULL,NULL,NULL),(98,86,NULL,NULL,NULL,NULL),(99,87,NULL,NULL,NULL,NULL),(100,88,NULL,NULL,NULL,NULL),(101,89,NULL,NULL,NULL,NULL),(102,90,NULL,NULL,NULL,NULL),(103,91,NULL,NULL,NULL,NULL),(104,92,NULL,NULL,NULL,NULL),(105,93,NULL,NULL,NULL,NULL),(106,94,NULL,NULL,NULL,NULL),(107,95,NULL,NULL,NULL,NULL),(108,96,NULL,NULL,NULL,NULL),(109,97,NULL,NULL,NULL,NULL),(110,98,NULL,NULL,NULL,NULL),(111,99,NULL,NULL,NULL,NULL),(112,100,NULL,NULL,NULL,NULL),(113,101,NULL,NULL,NULL,NULL),(114,102,NULL,NULL,NULL,NULL),(115,103,NULL,NULL,NULL,NULL),(116,104,NULL,NULL,NULL,NULL),(117,105,NULL,NULL,NULL,NULL),(118,106,NULL,NULL,NULL,NULL),(119,107,NULL,NULL,NULL,NULL),(120,108,NULL,NULL,NULL,NULL),(121,109,NULL,NULL,NULL,NULL),(122,110,NULL,NULL,NULL,NULL),(123,111,NULL,NULL,NULL,NULL),(124,112,NULL,NULL,NULL,NULL),(125,113,NULL,NULL,NULL,NULL),(126,114,NULL,NULL,NULL,NULL),(127,115,NULL,NULL,NULL,NULL),(128,116,NULL,NULL,NULL,NULL),(129,117,NULL,NULL,NULL,NULL),(130,118,NULL,NULL,NULL,NULL),(131,119,NULL,NULL,NULL,NULL),(132,120,NULL,NULL,NULL,NULL),(133,121,NULL,NULL,NULL,NULL),(134,122,NULL,NULL,NULL,NULL),(135,123,NULL,NULL,NULL,NULL),(136,124,NULL,NULL,NULL,NULL),(137,125,NULL,NULL,NULL,NULL),(138,126,NULL,NULL,NULL,NULL),(139,127,NULL,NULL,NULL,NULL),(140,128,NULL,NULL,NULL,NULL),(141,129,NULL,NULL,NULL,NULL),(142,130,NULL,NULL,NULL,NULL),(143,131,NULL,NULL,NULL,NULL),(144,132,NULL,NULL,NULL,NULL),(145,133,NULL,NULL,NULL,NULL),(146,134,NULL,NULL,NULL,NULL),(147,135,NULL,NULL,NULL,NULL),(148,136,NULL,NULL,NULL,NULL),(149,137,NULL,NULL,NULL,NULL),(150,138,NULL,NULL,NULL,NULL),(151,139,NULL,NULL,NULL,NULL),(152,140,NULL,NULL,NULL,NULL),(153,141,NULL,NULL,NULL,NULL),(154,142,NULL,NULL,NULL,NULL),(155,143,NULL,NULL,NULL,NULL),(156,144,NULL,NULL,NULL,NULL),(157,145,NULL,NULL,NULL,NULL),(158,146,NULL,NULL,NULL,NULL),(159,147,NULL,NULL,NULL,NULL),(160,148,NULL,NULL,NULL,NULL),(161,149,NULL,NULL,NULL,NULL),(162,150,NULL,NULL,NULL,NULL),(163,151,NULL,NULL,NULL,NULL),(164,152,NULL,NULL,NULL,NULL),(165,153,NULL,NULL,NULL,NULL),(166,154,NULL,NULL,NULL,NULL),(167,155,NULL,NULL,NULL,NULL),(168,156,NULL,NULL,NULL,NULL),(169,157,NULL,NULL,NULL,NULL),(170,158,NULL,NULL,NULL,NULL),(171,159,NULL,NULL,NULL,NULL),(172,160,NULL,NULL,NULL,NULL),(173,161,NULL,NULL,NULL,NULL),(174,162,NULL,NULL,NULL,NULL),(175,163,NULL,NULL,NULL,NULL),(176,164,NULL,NULL,NULL,NULL),(177,165,NULL,NULL,NULL,NULL),(178,166,NULL,NULL,NULL,NULL),(179,167,NULL,NULL,NULL,NULL),(180,168,NULL,NULL,NULL,NULL),(181,169,NULL,NULL,NULL,NULL),(182,170,NULL,NULL,NULL,NULL),(183,171,NULL,NULL,NULL,NULL),(184,172,NULL,NULL,NULL,NULL),(185,173,NULL,NULL,NULL,NULL),(186,174,NULL,NULL,NULL,NULL),(187,175,NULL,NULL,NULL,NULL),(188,176,NULL,NULL,NULL,NULL),(189,177,NULL,NULL,NULL,NULL),(190,178,NULL,NULL,NULL,NULL),(191,179,NULL,NULL,NULL,NULL),(192,180,NULL,NULL,NULL,NULL),(193,181,NULL,NULL,NULL,NULL),(194,182,NULL,NULL,NULL,NULL),(195,183,NULL,NULL,NULL,NULL),(196,184,NULL,NULL,NULL,NULL),(197,185,NULL,NULL,NULL,NULL),(198,186,NULL,NULL,NULL,NULL),(199,187,NULL,NULL,NULL,NULL),(200,188,NULL,NULL,NULL,NULL),(201,189,NULL,NULL,NULL,NULL),(202,190,NULL,NULL,NULL,NULL),(203,191,NULL,NULL,NULL,NULL),(204,192,NULL,NULL,NULL,NULL),(205,193,NULL,NULL,NULL,NULL),(206,194,NULL,NULL,NULL,NULL),(207,195,NULL,NULL,NULL,NULL),(208,196,NULL,NULL,NULL,NULL),(209,197,NULL,NULL,NULL,NULL),(210,198,NULL,NULL,NULL,NULL),(211,199,NULL,NULL,NULL,NULL),(213,201,NULL,NULL,NULL,NULL),(214,202,NULL,NULL,NULL,NULL),(215,203,NULL,NULL,NULL,NULL),(216,204,NULL,NULL,NULL,NULL),(217,205,NULL,NULL,NULL,NULL),(218,206,NULL,NULL,NULL,NULL),(219,207,NULL,NULL,NULL,NULL),(220,208,NULL,NULL,NULL,NULL),(221,209,NULL,NULL,NULL,NULL),(222,210,NULL,NULL,NULL,NULL),(223,211,NULL,NULL,NULL,NULL),(224,213,NULL,NULL,NULL,NULL);
/*!40000 ALTER TABLE `budget_allocation` ENABLE KEYS */;
UNLOCK TABLES;

--
-- Table structure for table `coverage_scope`
--

DROP TABLE IF EXISTS `coverage_scope`;
/*!40101 SET @saved_cs_client     = @@character_set_client */;
/*!50503 SET character_set_client = utf8mb4 */;
CREATE TABLE `coverage_scope` (
  `id` int NOT NULL AUTO_INCREMENT,
  `ordinance_id` int NOT NULL,
  `inclusive_period` varchar(255) DEFAULT NULL,
  `target_beneficiaries` varchar(255) DEFAULT NULL,
  `GEOGRAPHICAL_COVERAGE` varchar(1000) DEFAULT NULL,
  PRIMARY KEY (`id`),
  UNIQUE KEY `unique_ordinance` (`ordinance_id`),
  CONSTRAINT `coverage_scope_ibfk_1` FOREIGN KEY (`ordinance_id`) REFERENCES `ordinances` (`id`) ON DELETE CASCADE
) ENGINE=InnoDB AUTO_INCREMENT=226 DEFAULT CHARSET=utf8mb4 COLLATE=utf8mb4_0900_ai_ci;
/*!40101 SET character_set_client = @saved_cs_client */;

--
-- Dumping data for table `coverage_scope`
--

LOCK TABLES `coverage_scope` WRITE;
/*!40000 ALTER TABLE `coverage_scope` DISABLE KEYS */;
INSERT INTO `coverage_scope` VALUES (1,1,'2020-08-25','General Public','Buena Suerte'),(8,8,NULL,'Women',NULL),(14,2,NULL,'Women',NULL),(15,3,NULL,NULL,NULL),(16,4,NULL,NULL,NULL),(18,6,NULL,NULL,NULL),(19,7,NULL,NULL,NULL),(21,9,NULL,NULL,NULL),(22,10,NULL,NULL,NULL),(23,11,NULL,NULL,NULL),(24,12,NULL,NULL,NULL),(25,13,NULL,NULL,NULL),(26,14,NULL,NULL,NULL),(27,15,NULL,NULL,NULL),(28,16,NULL,NULL,NULL),(29,17,NULL,NULL,NULL),(30,18,NULL,NULL,NULL),(31,19,NULL,NULL,NULL),(32,20,NULL,NULL,NULL),(33,21,NULL,NULL,NULL),(34,22,NULL,NULL,NULL),(35,23,NULL,NULL,NULL),(36,24,NULL,NULL,NULL),(37,25,NULL,NULL,NULL),(38,26,NULL,NULL,NULL),(39,27,NULL,NULL,NULL),(40,28,NULL,NULL,NULL),(41,29,NULL,NULL,NULL),(42,30,NULL,NULL,NULL),(43,31,NULL,NULL,NULL),(44,32,NULL,NULL,NULL),(45,33,NULL,NULL,NULL),(46,34,NULL,NULL,NULL),(47,35,NULL,NULL,NULL),(48,36,NULL,NULL,NULL),(49,37,NULL,NULL,NULL),(50,38,NULL,NULL,NULL),(51,39,NULL,NULL,NULL),(52,40,NULL,NULL,NULL),(53,41,NULL,NULL,NULL),(54,42,NULL,NULL,NULL),(55,43,NULL,NULL,NULL),(56,44,NULL,NULL,NULL),(57,45,NULL,NULL,NULL),(58,46,NULL,NULL,NULL),(59,47,NULL,NULL,NULL),(60,48,NULL,NULL,NULL),(61,49,NULL,NULL,NULL),(63,51,NULL,NULL,NULL),(64,52,NULL,NULL,NULL),(65,53,NULL,NULL,NULL),(66,54,NULL,NULL,NULL),(67,55,NULL,NULL,NULL),(68,56,NULL,NULL,NULL),(69,57,NULL,NULL,NULL),(70,58,NULL,NULL,NULL),(71,59,NULL,NULL,NULL),(72,60,NULL,NULL,NULL),(73,61,NULL,NULL,NULL),(74,62,NULL,NULL,NULL),(75,63,NULL,NULL,NULL),(76,64,NULL,NULL,NULL),(77,65,NULL,NULL,NULL),(78,66,NULL,NULL,NULL),(79,67,NULL,NULL,NULL),(80,68,NULL,NULL,NULL),(81,69,NULL,NULL,NULL),(82,70,NULL,NULL,NULL),(83,71,NULL,NULL,NULL),(84,72,NULL,NULL,NULL),(85,73,NULL,NULL,NULL),(86,74,NULL,NULL,NULL),(87,75,NULL,NULL,NULL),(88,76,NULL,NULL,NULL),(89,77,NULL,NULL,NULL),(90,78,NULL,NULL,NULL),(91,79,NULL,NULL,NULL),(92,80,NULL,NULL,NULL),(93,81,NULL,NULL,NULL),(94,82,NULL,NULL,NULL),(95,83,NULL,NULL,NULL),(96,84,NULL,NULL,NULL),(97,85,NULL,NULL,NULL),(98,86,NULL,NULL,NULL),(99,87,NULL,NULL,NULL),(100,88,NULL,NULL,NULL),(101,89,NULL,NULL,NULL),(102,90,NULL,NULL,NULL),(103,91,NULL,NULL,NULL),(104,92,NULL,NULL,NULL),(105,93,NULL,NULL,NULL),(106,94,NULL,NULL,NULL),(107,95,NULL,NULL,NULL),(108,96,NULL,NULL,NULL),(109,97,NULL,NULL,NULL),(110,98,NULL,NULL,NULL),(111,99,NULL,NULL,NULL),(112,100,NULL,NULL,NULL),(113,101,NULL,NULL,NULL),(114,102,NULL,NULL,NULL),(115,103,NULL,NULL,NULL),(116,104,NULL,NULL,NULL),(117,105,NULL,NULL,NULL),(118,106,NULL,NULL,NULL),(119,107,NULL,NULL,NULL),(120,108,NULL,NULL,NULL),(121,109,NULL,NULL,NULL),(122,110,NULL,NULL,NULL),(123,111,NULL,NULL,NULL),(124,112,NULL,NULL,NULL),(125,113,NULL,NULL,NULL),(126,114,NULL,NULL,NULL),(127,115,NULL,NULL,NULL),(128,116,NULL,NULL,NULL),(129,117,NULL,NULL,NULL),(130,118,NULL,NULL,NULL),(131,119,NULL,NULL,NULL),(132,120,NULL,NULL,NULL),(133,121,NULL,NULL,NULL),(134,122,NULL,NULL,NULL),(135,123,NULL,NULL,NULL),(136,124,NULL,NULL,NULL),(137,125,NULL,NULL,NULL),(138,126,NULL,NULL,NULL),(139,127,NULL,NULL,NULL),(140,128,NULL,NULL,NULL),(141,129,NULL,NULL,NULL),(142,130,NULL,NULL,NULL),(143,131,NULL,NULL,NULL),(144,132,NULL,NULL,NULL),(145,133,NULL,NULL,NULL),(146,134,NULL,NULL,NULL),(147,135,NULL,NULL,NULL),(148,136,NULL,NULL,NULL),(149,137,NULL,NULL,NULL),(150,138,NULL,NULL,NULL),(151,139,NULL,NULL,NULL),(152,140,NULL,NULL,NULL),(153,141,NULL,NULL,NULL),(154,142,NULL,NULL,NULL),(155,143,NULL,NULL,NULL),(156,144,NULL,NULL,NULL),(157,145,NULL,NULL,NULL),(158,146,NULL,NULL,NULL),(159,147,NULL,NULL,NULL),(160,148,NULL,NULL,NULL),(161,149,NULL,NULL,NULL),(162,150,NULL,NULL,NULL),(163,151,NULL,NULL,NULL),(164,152,NULL,NULL,NULL),(165,153,NULL,NULL,NULL),(166,154,NULL,NULL,NULL),(167,155,NULL,NULL,NULL),(168,156,NULL,NULL,NULL),(169,157,NULL,NULL,NULL),(170,158,NULL,NULL,NULL),(171,159,NULL,NULL,NULL),(172,160,NULL,NULL,NULL),(173,161,NULL,NULL,NULL),(174,162,NULL,NULL,NULL),(175,163,NULL,NULL,NULL),(176,164,NULL,NULL,NULL),(177,165,NULL,NULL,NULL),(178,166,NULL,NULL,NULL),(179,167,NULL,NULL,NULL),(180,168,NULL,NULL,NULL),(181,169,NULL,NULL,NULL),(182,170,NULL,NULL,NULL),(183,171,NULL,NULL,NULL),(184,172,NULL,NULL,NULL),(185,173,NULL,NULL,NULL),(186,174,NULL,NULL,NULL),(187,175,NULL,NULL,NULL),(188,176,NULL,NULL,NULL),(189,177,NULL,NULL,NULL),(190,178,NULL,NULL,NULL),(191,179,NULL,NULL,NULL),(192,180,NULL,NULL,NULL),(193,181,NULL,NULL,NULL),(194,182,NULL,NULL,NULL),(195,183,NULL,NULL,NULL),(196,184,NULL,NULL,NULL),(197,185,NULL,NULL,NULL),(198,186,NULL,NULL,NULL),(199,187,NULL,NULL,NULL),(200,188,NULL,NULL,NULL),(201,189,NULL,NULL,NULL),(202,190,NULL,NULL,NULL),(203,191,NULL,NULL,NULL),(204,192,NULL,NULL,NULL),(205,193,NULL,NULL,NULL),(206,194,NULL,NULL,NULL),(207,195,NULL,NULL,NULL),(208,196,NULL,NULL,NULL),(209,197,NULL,NULL,NULL),(210,198,NULL,NULL,NULL),(211,199,NULL,NULL,NULL),(213,5,'','',''),(214,201,NULL,NULL,NULL),(215,202,NULL,NULL,NULL),(216,203,NULL,NULL,NULL),(217,204,NULL,NULL,NULL),(218,205,NULL,NULL,NULL),(219,206,NULL,NULL,NULL),(220,207,NULL,NULL,NULL),(221,208,NULL,NULL,NULL),(222,209,NULL,NULL,NULL),(223,210,NULL,NULL,NULL),(224,211,NULL,NULL,NULL),(225,213,NULL,NULL,NULL);
/*!40000 ALTER TABLE `coverage_scope` ENABLE KEYS */;
UNLOCK TABLES;

--
-- Table structure for table `documentation_reports`
--

DROP TABLE IF EXISTS `documentation_reports`;
/*!40101 SET @saved_cs_client     = @@character_set_client */;
/*!50503 SET character_set_client = utf8mb4 */;
CREATE TABLE `documentation_reports` (
  `id` int NOT NULL AUTO_INCREMENT,
  `ordinance_id` int DEFAULT NULL,
  `related_documents` text,
  `filepath` text,
  PRIMARY KEY (`id`),
  KEY `ordinance_id` (`ordinance_id`),
  CONSTRAINT `documentation_reports_ibfk_1` FOREIGN KEY (`ordinance_id`) REFERENCES `ordinances` (`id`) ON DELETE CASCADE
) ENGINE=InnoDB AUTO_INCREMENT=4 DEFAULT CHARSET=utf8mb4 COLLATE=utf8mb4_0900_ai_ci;
/*!40101 SET character_set_client = @saved_cs_client */;

--
-- Dumping data for table `documentation_reports`
--

LOCK TABLES `documentation_reports` WRITE;
/*!40000 ALTER TABLE `documentation_reports` DISABLE KEYS */;
INSERT INTO `documentation_reports` VALUES (1,1,'image','uploads/documents\\f25939ad90e8415db6754400109ad274_logo.png'),(2,1,'image','uploads/documents\\0741abeaf1094248961fde304e5d7657_kms.png'),(3,1,'image','uploads/documents\\93c3549efd99496a9a5dbf4fd746fd77_Untitled-1.png');
/*!40000 ALTER TABLE `documentation_reports` ENABLE KEYS */;
UNLOCK TABLES;

--
-- Table structure for table `impact_assessment`
--

DROP TABLE IF EXISTS `impact_assessment`;
/*!40101 SET @saved_cs_client     = @@character_set_client */;
/*!50503 SET character_set_client = utf8mb4 */;
CREATE TABLE `impact_assessment` (
  `id` int NOT NULL AUTO_INCREMENT,
  `ordinance_id` int DEFAULT NULL,
  `funding_source` enum('General Fund','Grants','Others') DEFAULT NULL,
  `outcomes_results` text,
  `gender_responsiveness_impact` text,
  `community_benefits` text,
  `adjustments_needed` text,
  PRIMARY KEY (`id`),
  KEY `ordinance_id` (`ordinance_id`),
  CONSTRAINT `impact_assessment_ibfk_1` FOREIGN KEY (`ordinance_id`) REFERENCES `ordinances` (`id`) ON DELETE CASCADE
) ENGINE=InnoDB AUTO_INCREMENT=225 DEFAULT CHARSET=utf8mb4 COLLATE=utf8mb4_0900_ai_ci;
/*!40101 SET character_set_client = @saved_cs_client */;

--
-- Dumping data for table `impact_assessment`
--

LOCK TABLES `impact_assessment` WRITE;
/*!40000 ALTER TABLE `impact_assessment` DISABLE KEYS */;
INSERT INTO `impact_assessment` VALUES (1,1,'General Fund','Improved health infrastructure leading to better service delivery.','The ordinance improved access to health services for women and children.','Increased healthcare availability and improved quality of life.','Further funding required for expansion of services.'),(8,8,'General Fund','Affordable housing for low-income families, improved quality of life.','Solo parents and marginalized groups benefited from affordable housing programs.','More families are now in safe and stable housing, reducing homelessness.','Need to address land scarcity for new housing projects.'),(12,1,NULL,NULL,NULL,NULL,NULL),(13,1,NULL,NULL,NULL,NULL,NULL),(14,2,NULL,NULL,NULL,NULL,NULL),(15,3,NULL,NULL,NULL,NULL,NULL),(16,4,NULL,NULL,NULL,NULL,NULL),(18,6,NULL,NULL,NULL,NULL,NULL),(19,7,NULL,NULL,NULL,NULL,NULL),(20,8,NULL,NULL,NULL,NULL,NULL),(21,9,NULL,NULL,NULL,NULL,NULL),(22,10,NULL,NULL,NULL,NULL,NULL),(23,11,NULL,NULL,NULL,NULL,NULL),(24,12,NULL,NULL,NULL,NULL,NULL),(25,13,NULL,NULL,NULL,NULL,NULL),(26,14,NULL,NULL,NULL,NULL,NULL),(27,15,NULL,NULL,NULL,NULL,NULL),(28,16,NULL,NULL,NULL,NULL,NULL),(29,17,NULL,NULL,NULL,NULL,NULL),(30,18,NULL,NULL,NULL,NULL,NULL),(31,19,NULL,NULL,NULL,NULL,NULL),(32,20,NULL,NULL,NULL,NULL,NULL),(33,21,NULL,NULL,NULL,NULL,NULL),(34,22,NULL,NULL,NULL,NULL,NULL),(35,23,NULL,NULL,NULL,NULL,NULL),(36,24,NULL,NULL,NULL,NULL,NULL),(37,25,NULL,NULL,NULL,NULL,NULL),(38,26,NULL,NULL,NULL,NULL,NULL),(39,27,NULL,NULL,NULL,NULL,NULL),(40,28,NULL,NULL,NULL,NULL,NULL),(41,29,NULL,NULL,NULL,NULL,NULL),(42,30,NULL,NULL,NULL,NULL,NULL),(43,31,NULL,NULL,NULL,NULL,NULL),(44,32,NULL,NULL,NULL,NULL,NULL),(45,33,NULL,NULL,NULL,NULL,NULL),(46,34,NULL,NULL,NULL,NULL,NULL),(47,35,NULL,NULL,NULL,NULL,NULL),(48,36,NULL,NULL,NULL,NULL,NULL),(49,37,NULL,NULL,NULL,NULL,NULL),(50,38,NULL,NULL,NULL,NULL,NULL),(51,39,NULL,NULL,NULL,NULL,NULL),(52,40,NULL,NULL,NULL,NULL,NULL),(53,41,NULL,NULL,NULL,NULL,NULL),(54,42,NULL,NULL,NULL,NULL,NULL),(55,43,NULL,NULL,NULL,NULL,NULL),(56,44,NULL,NULL,NULL,NULL,NULL),(57,45,NULL,NULL,NULL,NULL,NULL),(58,46,NULL,NULL,NULL,NULL,NULL),(59,47,NULL,NULL,NULL,NULL,NULL),(60,48,NULL,NULL,NULL,NULL,NULL),(61,49,NULL,NULL,NULL,NULL,NULL),(63,51,NULL,NULL,NULL,NULL,NULL),(64,52,NULL,NULL,NULL,NULL,NULL),(65,53,NULL,NULL,NULL,NULL,NULL),(66,54,NULL,NULL,NULL,NULL,NULL),(67,55,NULL,NULL,NULL,NULL,NULL),(68,56,NULL,NULL,NULL,NULL,NULL),(69,57,NULL,NULL,NULL,NULL,NULL),(70,58,NULL,NULL,NULL,NULL,NULL),(71,59,NULL,NULL,NULL,NULL,NULL),(72,60,NULL,NULL,NULL,NULL,NULL),(73,61,NULL,NULL,NULL,NULL,NULL),(74,62,NULL,NULL,NULL,NULL,NULL),(75,63,NULL,NULL,NULL,NULL,NULL),(76,64,NULL,NULL,NULL,NULL,NULL),(77,65,NULL,NULL,NULL,NULL,NULL),(78,66,NULL,NULL,NULL,NULL,NULL),(79,67,NULL,NULL,NULL,NULL,NULL),(80,68,NULL,NULL,NULL,NULL,NULL),(81,69,NULL,NULL,NULL,NULL,NULL),(82,70,NULL,NULL,NULL,NULL,NULL),(83,71,NULL,NULL,NULL,NULL,NULL),(84,72,NULL,NULL,NULL,NULL,NULL),(85,73,NULL,NULL,NULL,NULL,NULL),(86,74,NULL,NULL,NULL,NULL,NULL),(87,75,NULL,NULL,NULL,NULL,NULL),(88,76,NULL,NULL,NULL,NULL,NULL),(89,77,NULL,NULL,NULL,NULL,NULL),(90,78,NULL,NULL,NULL,NULL,NULL),(91,79,NULL,NULL,NULL,NULL,NULL),(92,80,NULL,NULL,NULL,NULL,NULL),(93,81,NULL,NULL,NULL,NULL,NULL),(94,82,NULL,NULL,NULL,NULL,NULL),(95,83,NULL,NULL,NULL,NULL,NULL),(96,84,NULL,NULL,NULL,NULL,NULL),(97,85,NULL,NULL,NULL,NULL,NULL),(98,86,NULL,NULL,NULL,NULL,NULL),(99,87,NULL,NULL,NULL,NULL,NULL),(100,88,NULL,NULL,NULL,NULL,NULL),(101,89,NULL,NULL,NULL,NULL,NULL),(102,90,NULL,NULL,NULL,NULL,NULL),(103,91,NULL,NULL,NULL,NULL,NULL),(104,92,NULL,NULL,NULL,NULL,NULL),(105,93,NULL,NULL,NULL,NULL,NULL),(106,94,NULL,NULL,NULL,NULL,NULL),(107,95,NULL,NULL,NULL,NULL,NULL),(108,96,NULL,NULL,NULL,NULL,NULL),(109,97,NULL,NULL,NULL,NULL,NULL),(110,98,NULL,NULL,NULL,NULL,NULL),(111,99,NULL,NULL,NULL,NULL,NULL),(112,100,NULL,NULL,NULL,NULL,NULL),(113,101,NULL,NULL,NULL,NULL,NULL),(114,102,NULL,NULL,NULL,NULL,NULL),(115,103,NULL,NULL,NULL,NULL,NULL),(116,104,NULL,NULL,NULL,NULL,NULL),(117,105,NULL,NULL,NULL,NULL,NULL),(118,106,NULL,NULL,NULL,NULL,NULL),(119,107,NULL,NULL,NULL,NULL,NULL),(120,108,NULL,NULL,NULL,NULL,NULL),(121,109,NULL,NULL,NULL,NULL,NULL),(122,110,NULL,NULL,NULL,NULL,NULL),(123,111,NULL,NULL,NULL,NULL,NULL),(124,112,NULL,NULL,NULL,NULL,NULL),(125,113,NULL,NULL,NULL,NULL,NULL),(126,114,NULL,NULL,NULL,NULL,NULL),(127,115,NULL,NULL,NULL,NULL,NULL),(128,116,NULL,NULL,NULL,NULL,NULL),(129,117,NULL,NULL,NULL,NULL,NULL),(130,118,NULL,NULL,NULL,NULL,NULL),(131,119,NULL,NULL,NULL,NULL,NULL),(132,120,NULL,NULL,NULL,NULL,NULL),(133,121,NULL,NULL,NULL,NULL,NULL),(134,122,NULL,NULL,NULL,NULL,NULL),(135,123,NULL,NULL,NULL,NULL,NULL),(136,124,NULL,NULL,NULL,NULL,NULL),(137,125,NULL,NULL,NULL,NULL,NULL),(138,126,NULL,NULL,NULL,NULL,NULL),(139,127,NULL,NULL,NULL,NULL,NULL),(140,128,NULL,NULL,NULL,NULL,NULL),(141,129,NULL,NULL,NULL,NULL,NULL),(142,130,NULL,NULL,NULL,NULL,NULL),(143,131,NULL,NULL,NULL,NULL,NULL),(144,132,NULL,NULL,NULL,NULL,NULL),(145,133,NULL,NULL,NULL,NULL,NULL),(146,134,NULL,NULL,NULL,NULL,NULL),(147,135,NULL,NULL,NULL,NULL,NULL),(148,136,NULL,NULL,NULL,NULL,NULL),(149,137,NULL,NULL,NULL,NULL,NULL),(150,138,NULL,NULL,NULL,NULL,NULL),(151,139,NULL,NULL,NULL,NULL,NULL),(152,140,NULL,NULL,NULL,NULL,NULL),(153,141,NULL,NULL,NULL,NULL,NULL),(154,142,NULL,NULL,NULL,NULL,NULL),(155,143,NULL,NULL,NULL,NULL,NULL),(156,144,NULL,NULL,NULL,NULL,NULL),(157,145,NULL,NULL,NULL,NULL,NULL),(158,146,NULL,NULL,NULL,NULL,NULL),(159,147,NULL,NULL,NULL,NULL,NULL),(160,148,NULL,NULL,NULL,NULL,NULL),(161,149,NULL,NULL,NULL,NULL,NULL),(162,150,NULL,NULL,NULL,NULL,NULL),(163,151,NULL,NULL,NULL,NULL,NULL),(164,152,NULL,NULL,NULL,NULL,NULL),(165,153,NULL,NULL,NULL,NULL,NULL),(166,154,NULL,NULL,NULL,NULL,NULL),(167,155,NULL,NULL,NULL,NULL,NULL),(168,156,NULL,NULL,NULL,NULL,NULL),(169,157,NULL,NULL,NULL,NULL,NULL),(170,158,NULL,NULL,NULL,NULL,NULL),(171,159,NULL,NULL,NULL,NULL,NULL),(172,160,NULL,NULL,NULL,NULL,NULL),(173,161,NULL,NULL,NULL,NULL,NULL),(174,162,NULL,NULL,NULL,NULL,NULL),(175,163,NULL,NULL,NULL,NULL,NULL),(176,164,NULL,NULL,NULL,NULL,NULL),(177,165,NULL,NULL,NULL,NULL,NULL),(178,166,NULL,NULL,NULL,NULL,NULL),(179,167,NULL,NULL,NULL,NULL,NULL),(180,168,NULL,NULL,NULL,NULL,NULL),(181,169,NULL,NULL,NULL,NULL,NULL),(182,170,NULL,NULL,NULL,NULL,NULL),(183,171,NULL,NULL,NULL,NULL,NULL),(184,172,NULL,NULL,NULL,NULL,NULL),(185,173,NULL,NULL,NULL,NULL,NULL),(186,174,NULL,NULL,NULL,NULL,NULL),(187,175,NULL,NULL,NULL,NULL,NULL),(188,176,NULL,NULL,NULL,NULL,NULL),(189,177,NULL,NULL,NULL,NULL,NULL),(190,178,NULL,NULL,NULL,NULL,NULL),(191,179,NULL,NULL,NULL,NULL,NULL),(192,180,NULL,NULL,NULL,NULL,NULL),(193,181,NULL,NULL,NULL,NULL,NULL),(194,182,NULL,NULL,NULL,NULL,NULL),(195,183,NULL,NULL,NULL,NULL,NULL),(196,184,NULL,NULL,NULL,NULL,NULL),(197,185,NULL,NULL,NULL,NULL,NULL),(198,186,NULL,NULL,NULL,NULL,NULL),(199,187,NULL,NULL,NULL,NULL,NULL),(200,188,NULL,NULL,NULL,NULL,NULL),(201,189,NULL,NULL,NULL,NULL,NULL),(202,190,NULL,NULL,NULL,NULL,NULL),(203,191,NULL,NULL,NULL,NULL,NULL),(204,192,NULL,NULL,NULL,NULL,NULL),(205,193,NULL,NULL,NULL,NULL,NULL),(206,194,NULL,NULL,NULL,NULL,NULL),(207,195,NULL,NULL,NULL,NULL,NULL),(208,196,NULL,NULL,NULL,NULL,NULL),(209,197,NULL,NULL,NULL,NULL,NULL),(210,198,NULL,NULL,NULL,NULL,NULL),(211,199,NULL,NULL,NULL,NULL,NULL),(213,201,NULL,NULL,NULL,NULL,NULL),(214,202,NULL,NULL,NULL,NULL,NULL),(215,203,NULL,NULL,NULL,NULL,NULL),(216,204,NULL,NULL,NULL,NULL,NULL),(217,205,NULL,NULL,NULL,NULL,NULL),(218,206,NULL,NULL,NULL,NULL,NULL),(219,207,NULL,NULL,NULL,NULL,NULL),(220,208,NULL,NULL,NULL,NULL,NULL),(221,209,NULL,NULL,NULL,NULL,NULL),(222,210,NULL,NULL,NULL,NULL,NULL),(223,211,NULL,NULL,NULL,NULL,NULL),(224,213,NULL,NULL,NULL,NULL,NULL);
/*!40000 ALTER TABLE `impact_assessment` ENABLE KEYS */;
UNLOCK TABLES;

--
-- Table structure for table `monitoring_compliance`
--

DROP TABLE IF EXISTS `monitoring_compliance`;
/*!40101 SET @saved_cs_client     = @@character_set_client */;
/*!50503 SET character_set_client = utf8mb4 */;
CREATE TABLE `monitoring_compliance` (
  `id` int NOT NULL AUTO_INCREMENT,
  `ordinance_id` int DEFAULT NULL,
  `indicators_of_success` text,
  `monitoring_frequency` enum('Monthly','Quarterly','Annually') DEFAULT NULL,
  `compliance_rate` decimal(5,2) DEFAULT NULL,
  `challenges` text,
  `violations_reports` text,
  `feedback_mechanisms` text,
  PRIMARY KEY (`id`),
  KEY `ordinance_id` (`ordinance_id`),
  CONSTRAINT `monitoring_compliance_ibfk_1` FOREIGN KEY (`ordinance_id`) REFERENCES `ordinances` (`id`) ON DELETE CASCADE
) ENGINE=InnoDB AUTO_INCREMENT=227 DEFAULT CHARSET=utf8mb4 COLLATE=utf8mb4_0900_ai_ci;
/*!40101 SET character_set_client = @saved_cs_client */;

--
-- Dumping data for table `monitoring_compliance`
--

LOCK TABLES `monitoring_compliance` WRITE;
/*!40000 ALTER TABLE `monitoring_compliance` DISABLE KEYS */;
INSERT INTO `monitoring_compliance` VALUES (3,1,'Reduced traffic congestion, improved safety on roads.','Monthly',85.50,'Lack of cooperation from private drivers.','Minor traffic violations, non-compliance with speed limits.','Public feedback through online surveys and reports.'),(10,8,'Affordable housing provided to low-income families.','Quarterly',92.00,'Land acquisition issues, construction delays.','Some families living in temporary shelters, non-compliance with construction deadlines.','Feedback surveys from beneficiaries, local government meetings.'),(14,NULL,NULL,NULL,NULL,NULL,NULL,NULL),(15,NULL,NULL,NULL,NULL,NULL,NULL,NULL),(16,NULL,NULL,NULL,NULL,NULL,NULL,NULL),(17,NULL,NULL,NULL,NULL,NULL,NULL,NULL),(18,NULL,NULL,NULL,NULL,NULL,NULL,NULL),(19,NULL,NULL,NULL,NULL,NULL,NULL,NULL),(20,NULL,NULL,NULL,NULL,NULL,NULL,NULL),(21,NULL,NULL,NULL,NULL,NULL,NULL,NULL),(22,NULL,NULL,NULL,NULL,NULL,NULL,NULL),(23,NULL,NULL,NULL,NULL,NULL,NULL,NULL),(24,NULL,NULL,NULL,NULL,NULL,NULL,NULL),(25,NULL,NULL,NULL,NULL,NULL,NULL,NULL),(26,NULL,NULL,NULL,NULL,NULL,NULL,NULL),(27,NULL,NULL,NULL,NULL,NULL,NULL,NULL),(28,NULL,NULL,NULL,NULL,NULL,NULL,NULL),(29,NULL,NULL,NULL,NULL,NULL,NULL,NULL),(30,NULL,NULL,NULL,NULL,NULL,NULL,NULL),(31,NULL,NULL,NULL,NULL,NULL,NULL,NULL),(32,NULL,NULL,NULL,NULL,NULL,NULL,NULL),(33,NULL,NULL,NULL,NULL,NULL,NULL,NULL),(34,NULL,NULL,NULL,NULL,NULL,NULL,NULL),(35,NULL,NULL,NULL,NULL,NULL,NULL,NULL),(36,NULL,NULL,NULL,NULL,NULL,NULL,NULL),(37,NULL,NULL,NULL,NULL,NULL,NULL,NULL),(38,NULL,NULL,NULL,NULL,NULL,NULL,NULL),(39,NULL,NULL,NULL,NULL,NULL,NULL,NULL),(40,NULL,NULL,NULL,NULL,NULL,NULL,NULL),(41,NULL,NULL,NULL,NULL,NULL,NULL,NULL),(42,NULL,NULL,NULL,NULL,NULL,NULL,NULL),(43,NULL,NULL,NULL,NULL,NULL,NULL,NULL),(44,NULL,NULL,NULL,NULL,NULL,NULL,NULL),(45,NULL,NULL,NULL,NULL,NULL,NULL,NULL),(46,NULL,NULL,NULL,NULL,NULL,NULL,NULL),(47,NULL,NULL,NULL,NULL,NULL,NULL,NULL),(48,NULL,NULL,NULL,NULL,NULL,NULL,NULL),(49,NULL,NULL,NULL,NULL,NULL,NULL,NULL),(50,NULL,NULL,NULL,NULL,NULL,NULL,NULL),(51,NULL,NULL,NULL,NULL,NULL,NULL,NULL),(52,NULL,NULL,NULL,NULL,NULL,NULL,NULL),(53,NULL,NULL,NULL,NULL,NULL,NULL,NULL),(54,NULL,NULL,NULL,NULL,NULL,NULL,NULL),(55,NULL,NULL,NULL,NULL,NULL,NULL,NULL),(56,NULL,NULL,NULL,NULL,NULL,NULL,NULL),(57,NULL,NULL,NULL,NULL,NULL,NULL,NULL),(58,NULL,NULL,NULL,NULL,NULL,NULL,NULL),(59,NULL,NULL,NULL,NULL,NULL,NULL,NULL),(60,NULL,NULL,NULL,NULL,NULL,NULL,NULL),(61,NULL,NULL,NULL,NULL,NULL,NULL,NULL),(62,NULL,NULL,NULL,NULL,NULL,NULL,NULL),(63,NULL,NULL,NULL,NULL,NULL,NULL,NULL),(64,NULL,NULL,NULL,NULL,NULL,NULL,NULL),(65,NULL,NULL,NULL,NULL,NULL,NULL,NULL),(66,NULL,NULL,NULL,NULL,NULL,NULL,NULL),(67,NULL,NULL,NULL,NULL,NULL,NULL,NULL),(68,NULL,NULL,NULL,NULL,NULL,NULL,NULL),(69,NULL,NULL,NULL,NULL,NULL,NULL,NULL),(70,NULL,NULL,NULL,NULL,NULL,NULL,NULL),(71,NULL,NULL,NULL,NULL,NULL,NULL,NULL),(72,NULL,NULL,NULL,NULL,NULL,NULL,NULL),(73,NULL,NULL,NULL,NULL,NULL,NULL,NULL),(74,NULL,NULL,NULL,NULL,NULL,NULL,NULL),(75,NULL,NULL,NULL,NULL,NULL,NULL,NULL),(76,NULL,NULL,NULL,NULL,NULL,NULL,NULL),(77,NULL,NULL,NULL,NULL,NULL,NULL,NULL),(78,NULL,NULL,NULL,NULL,NULL,NULL,NULL),(79,NULL,NULL,NULL,NULL,NULL,NULL,NULL),(80,NULL,NULL,NULL,NULL,NULL,NULL,NULL),(81,NULL,NULL,NULL,NULL,NULL,NULL,NULL),(82,NULL,NULL,NULL,NULL,NULL,NULL,NULL),(83,NULL,NULL,NULL,NULL,NULL,NULL,NULL),(84,NULL,NULL,NULL,NULL,NULL,NULL,NULL),(85,NULL,NULL,NULL,NULL,NULL,NULL,NULL),(86,NULL,NULL,NULL,NULL,NULL,NULL,NULL),(87,NULL,NULL,NULL,NULL,NULL,NULL,NULL),(88,NULL,NULL,NULL,NULL,NULL,NULL,NULL),(89,NULL,NULL,NULL,NULL,NULL,NULL,NULL),(90,NULL,NULL,NULL,NULL,NULL,NULL,NULL),(91,NULL,NULL,NULL,NULL,NULL,NULL,NULL),(92,NULL,NULL,NULL,NULL,NULL,NULL,NULL),(93,NULL,NULL,NULL,NULL,NULL,NULL,NULL),(94,NULL,NULL,NULL,NULL,NULL,NULL,NULL),(95,NULL,NULL,NULL,NULL,NULL,NULL,NULL),(96,NULL,NULL,NULL,NULL,NULL,NULL,NULL),(97,NULL,NULL,NULL,NULL,NULL,NULL,NULL),(98,NULL,NULL,NULL,NULL,NULL,NULL,NULL),(99,NULL,NULL,NULL,NULL,NULL,NULL,NULL),(100,NULL,NULL,NULL,NULL,NULL,NULL,NULL),(101,NULL,NULL,NULL,NULL,NULL,NULL,NULL),(102,NULL,NULL,NULL,NULL,NULL,NULL,NULL),(103,NULL,NULL,NULL,NULL,NULL,NULL,NULL),(104,NULL,NULL,NULL,NULL,NULL,NULL,NULL),(105,NULL,NULL,NULL,NULL,NULL,NULL,NULL),(106,NULL,NULL,NULL,NULL,NULL,NULL,NULL),(107,NULL,NULL,NULL,NULL,NULL,NULL,NULL),(108,NULL,NULL,NULL,NULL,NULL,NULL,NULL),(109,NULL,NULL,NULL,NULL,NULL,NULL,NULL),(110,NULL,NULL,NULL,NULL,NULL,NULL,NULL),(111,NULL,NULL,NULL,NULL,NULL,NULL,NULL),(112,NULL,NULL,NULL,NULL,NULL,NULL,NULL),(113,NULL,NULL,NULL,NULL,NULL,NULL,NULL),(114,NULL,NULL,NULL,NULL,NULL,NULL,NULL),(115,NULL,NULL,NULL,NULL,NULL,NULL,NULL),(116,NULL,NULL,NULL,NULL,NULL,NULL,NULL),(117,NULL,NULL,NULL,NULL,NULL,NULL,NULL),(118,NULL,NULL,NULL,NULL,NULL,NULL,NULL),(119,NULL,NULL,NULL,NULL,NULL,NULL,NULL),(120,NULL,NULL,NULL,NULL,NULL,NULL,NULL),(121,NULL,NULL,NULL,NULL,NULL,NULL,NULL),(122,NULL,NULL,NULL,NULL,NULL,NULL,NULL),(123,NULL,NULL,NULL,NULL,NULL,NULL,NULL),(124,NULL,NULL,NULL,NULL,NULL,NULL,NULL),(125,NULL,NULL,NULL,NULL,NULL,NULL,NULL),(126,NULL,NULL,NULL,NULL,NULL,NULL,NULL),(127,NULL,NULL,NULL,NULL,NULL,NULL,NULL),(128,NULL,NULL,NULL,NULL,NULL,NULL,NULL),(129,NULL,NULL,NULL,NULL,NULL,NULL,NULL),(130,NULL,NULL,NULL,NULL,NULL,NULL,NULL),(131,NULL,NULL,NULL,NULL,NULL,NULL,NULL),(132,NULL,NULL,NULL,NULL,NULL,NULL,NULL),(133,NULL,NULL,NULL,NULL,NULL,NULL,NULL),(134,NULL,NULL,NULL,NULL,NULL,NULL,NULL),(135,NULL,NULL,NULL,NULL,NULL,NULL,NULL),(136,NULL,NULL,NULL,NULL,NULL,NULL,NULL),(137,NULL,NULL,NULL,NULL,NULL,NULL,NULL),(138,NULL,NULL,NULL,NULL,NULL,NULL,NULL),(139,NULL,NULL,NULL,NULL,NULL,NULL,NULL),(140,NULL,NULL,NULL,NULL,NULL,NULL,NULL),(141,NULL,NULL,NULL,NULL,NULL,NULL,NULL),(142,NULL,NULL,NULL,NULL,NULL,NULL,NULL),(143,NULL,NULL,NULL,NULL,NULL,NULL,NULL),(144,NULL,NULL,NULL,NULL,NULL,NULL,NULL),(145,NULL,NULL,NULL,NULL,NULL,NULL,NULL),(146,NULL,NULL,NULL,NULL,NULL,NULL,NULL),(147,NULL,NULL,NULL,NULL,NULL,NULL,NULL),(148,NULL,NULL,NULL,NULL,NULL,NULL,NULL),(149,NULL,NULL,NULL,NULL,NULL,NULL,NULL),(150,NULL,NULL,NULL,NULL,NULL,NULL,NULL),(151,NULL,NULL,NULL,NULL,NULL,NULL,NULL),(152,NULL,NULL,NULL,NULL,NULL,NULL,NULL),(153,NULL,NULL,NULL,NULL,NULL,NULL,NULL),(154,NULL,NULL,NULL,NULL,NULL,NULL,NULL),(155,NULL,NULL,NULL,NULL,NULL,NULL,NULL),(156,NULL,NULL,NULL,NULL,NULL,NULL,NULL),(157,NULL,NULL,NULL,NULL,NULL,NULL,NULL),(158,NULL,NULL,NULL,NULL,NULL,NULL,NULL),(159,NULL,NULL,NULL,NULL,NULL,NULL,NULL),(160,NULL,NULL,NULL,NULL,NULL,NULL,NULL),(161,NULL,NULL,NULL,NULL,NULL,NULL,NULL),(162,NULL,NULL,NULL,NULL,NULL,NULL,NULL),(163,NULL,NULL,NULL,NULL,NULL,NULL,NULL),(164,NULL,NULL,NULL,NULL,NULL,NULL,NULL),(165,NULL,NULL,NULL,NULL,NULL,NULL,NULL),(166,NULL,NULL,NULL,NULL,NULL,NULL,NULL),(167,NULL,NULL,NULL,NULL,NULL,NULL,NULL),(168,NULL,NULL,NULL,NULL,NULL,NULL,NULL),(169,NULL,NULL,NULL,NULL,NULL,NULL,NULL),(170,NULL,NULL,NULL,NULL,NULL,NULL,NULL),(171,NULL,NULL,NULL,NULL,NULL,NULL,NULL),(172,NULL,NULL,NULL,NULL,NULL,NULL,NULL),(173,NULL,NULL,NULL,NULL,NULL,NULL,NULL),(174,NULL,NULL,NULL,NULL,NULL,NULL,NULL),(175,NULL,NULL,NULL,NULL,NULL,NULL,NULL),(176,NULL,NULL,NULL,NULL,NULL,NULL,NULL),(177,NULL,NULL,NULL,NULL,NULL,NULL,NULL),(178,NULL,NULL,NULL,NULL,NULL,NULL,NULL),(179,NULL,NULL,NULL,NULL,NULL,NULL,NULL),(180,NULL,NULL,NULL,NULL,NULL,NULL,NULL),(181,NULL,NULL,NULL,NULL,NULL,NULL,NULL),(182,NULL,NULL,NULL,NULL,NULL,NULL,NULL),(183,NULL,NULL,NULL,NULL,NULL,NULL,NULL),(184,NULL,NULL,NULL,NULL,NULL,NULL,NULL),(185,NULL,NULL,NULL,NULL,NULL,NULL,NULL),(186,NULL,NULL,NULL,NULL,NULL,NULL,NULL),(187,NULL,NULL,NULL,NULL,NULL,NULL,NULL),(188,NULL,NULL,NULL,NULL,NULL,NULL,NULL),(189,NULL,NULL,NULL,NULL,NULL,NULL,NULL),(190,NULL,NULL,NULL,NULL,NULL,NULL,NULL),(191,NULL,NULL,NULL,NULL,NULL,NULL,NULL),(192,NULL,NULL,NULL,NULL,NULL,NULL,NULL),(193,NULL,NULL,NULL,NULL,NULL,NULL,NULL),(194,NULL,NULL,NULL,NULL,NULL,NULL,NULL),(195,NULL,NULL,NULL,NULL,NULL,NULL,NULL),(196,NULL,NULL,NULL,NULL,NULL,NULL,NULL),(197,NULL,NULL,NULL,NULL,NULL,NULL,NULL),(198,NULL,NULL,NULL,NULL,NULL,NULL,NULL),(199,NULL,NULL,NULL,NULL,NULL,NULL,NULL),(200,NULL,NULL,NULL,NULL,NULL,NULL,NULL),(201,NULL,NULL,NULL,NULL,NULL,NULL,NULL),(202,NULL,NULL,NULL,NULL,NULL,NULL,NULL),(203,NULL,NULL,NULL,NULL,NULL,NULL,NULL),(204,NULL,NULL,NULL,NULL,NULL,NULL,NULL),(205,NULL,NULL,NULL,NULL,NULL,NULL,NULL),(206,NULL,NULL,NULL,NULL,NULL,NULL,NULL),(207,NULL,NULL,NULL,NULL,NULL,NULL,NULL),(208,NULL,NULL,NULL,NULL,NULL,NULL,NULL),(209,NULL,NULL,NULL,NULL,NULL,NULL,NULL),(210,NULL,NULL,NULL,NULL,NULL,NULL,NULL),(211,NULL,NULL,NULL,NULL,NULL,NULL,NULL),(212,NULL,NULL,NULL,NULL,NULL,NULL,NULL),(213,NULL,NULL,NULL,NULL,NULL,NULL,NULL),(214,NULL,NULL,NULL,NULL,NULL,NULL,NULL),(215,NULL,NULL,NULL,NULL,NULL,NULL,NULL),(216,NULL,NULL,NULL,NULL,NULL,NULL,NULL),(217,NULL,NULL,NULL,NULL,NULL,NULL,NULL),(218,NULL,NULL,NULL,NULL,NULL,NULL,NULL),(219,NULL,NULL,NULL,NULL,NULL,NULL,NULL),(220,NULL,NULL,NULL,NULL,NULL,NULL,NULL),(221,NULL,NULL,NULL,NULL,NULL,NULL,NULL),(222,NULL,NULL,NULL,NULL,NULL,NULL,NULL),(223,NULL,NULL,NULL,NULL,NULL,NULL,NULL),(224,NULL,NULL,NULL,NULL,NULL,NULL,NULL),(225,NULL,NULL,NULL,NULL,NULL,NULL,NULL),(226,NULL,NULL,NULL,NULL,NULL,NULL,NULL);
/*!40000 ALTER TABLE `monitoring_compliance` ENABLE KEYS */;
UNLOCK TABLES;

--
-- Table structure for table `objectives_implementation`
--

DROP TABLE IF EXISTS `objectives_implementation`;
/*!40101 SET @saved_cs_client     = @@character_set_client */;
/*!50503 SET character_set_client = utf8mb4 */;
CREATE TABLE `objectives_implementation` (
  `id` int NOT NULL AUTO_INCREMENT,
  `ordinance_id` int DEFAULT NULL,
  `policy_objectives` text,
  `lead_agency` varchar(255) DEFAULT NULL,
  `supporting_agencies` text,
  `key_provisions` text,
  `programs_activities` text,
  PRIMARY KEY (`id`),
  KEY `ordinance_id` (`ordinance_id`),
  CONSTRAINT `objectives_implementation_ibfk_1` FOREIGN KEY (`ordinance_id`) REFERENCES `ordinances` (`id`) ON DELETE CASCADE
) ENGINE=InnoDB AUTO_INCREMENT=226 DEFAULT CHARSET=utf8mb4 COLLATE=utf8mb4_0900_ai_ci;
/*!40101 SET character_set_client = @saved_cs_client */;

--
-- Dumping data for table `objectives_implementation`
--

LOCK TABLES `objectives_implementation` WRITE;
/*!40000 ALTER TABLE `objectives_implementation` DISABLE KEYS */;
INSERT INTO `objectives_implementation` VALUES (1,1,'To improve the city’s public health infrastructure.','Department of Health','Local Health Units, Medical Teams','Provide funding for new health centers, expand immunization programs.','Build new clinics, organize health education seminars.'),(8,8,'To address the city’s housing problem by providing affordable housing for low-income families.','Housing Development Office','Non-profit Housing Organizations, Local Banks','Offer low-interest housing loans, provide land for development.','Build affordable housing units, offer homeownership seminars.'),(12,1,'test','','','',''),(13,1,NULL,NULL,NULL,NULL,NULL),(14,2,NULL,NULL,NULL,NULL,NULL),(15,3,NULL,NULL,NULL,NULL,NULL),(16,4,NULL,NULL,NULL,NULL,NULL),(18,6,NULL,NULL,NULL,NULL,NULL),(19,7,NULL,NULL,NULL,NULL,NULL),(20,8,NULL,NULL,NULL,NULL,NULL),(21,9,NULL,NULL,NULL,NULL,NULL),(22,10,NULL,NULL,NULL,NULL,NULL),(23,11,NULL,NULL,NULL,NULL,NULL),(24,12,NULL,NULL,NULL,NULL,NULL),(25,13,NULL,NULL,NULL,NULL,NULL),(26,14,NULL,NULL,NULL,NULL,NULL),(27,15,NULL,NULL,NULL,NULL,NULL),(28,16,NULL,NULL,NULL,NULL,NULL),(29,17,NULL,NULL,NULL,NULL,NULL),(30,18,NULL,NULL,NULL,NULL,NULL),(31,19,NULL,NULL,NULL,NULL,NULL),(32,20,NULL,NULL,NULL,NULL,NULL),(33,21,NULL,NULL,NULL,NULL,NULL),(34,22,NULL,NULL,NULL,NULL,NULL),(35,23,NULL,NULL,NULL,NULL,NULL),(36,24,NULL,NULL,NULL,NULL,NULL),(37,25,NULL,NULL,NULL,NULL,NULL),(38,26,NULL,NULL,NULL,NULL,NULL),(39,27,NULL,NULL,NULL,NULL,NULL),(40,28,NULL,NULL,NULL,NULL,NULL),(41,29,NULL,NULL,NULL,NULL,NULL),(42,30,NULL,NULL,NULL,NULL,NULL),(43,31,NULL,NULL,NULL,NULL,NULL),(44,32,NULL,NULL,NULL,NULL,NULL),(45,33,NULL,NULL,NULL,NULL,NULL),(46,34,NULL,NULL,NULL,NULL,NULL),(47,35,NULL,NULL,NULL,NULL,NULL),(48,36,NULL,NULL,NULL,NULL,NULL),(49,37,NULL,NULL,NULL,NULL,NULL),(50,38,NULL,NULL,NULL,NULL,NULL),(51,39,NULL,NULL,NULL,NULL,NULL),(52,40,NULL,NULL,NULL,NULL,NULL),(53,41,NULL,NULL,NULL,NULL,NULL),(54,42,NULL,NULL,NULL,NULL,NULL),(55,43,NULL,NULL,NULL,NULL,NULL),(56,44,NULL,NULL,NULL,NULL,NULL),(57,45,NULL,NULL,NULL,NULL,NULL),(58,5,'','','','',''),(59,46,NULL,NULL,NULL,NULL,NULL),(60,47,NULL,NULL,NULL,NULL,NULL),(61,48,NULL,NULL,NULL,NULL,NULL),(62,49,NULL,NULL,NULL,NULL,NULL),(64,51,NULL,NULL,NULL,NULL,NULL),(65,52,NULL,NULL,NULL,NULL,NULL),(66,53,NULL,NULL,NULL,NULL,NULL),(67,54,NULL,NULL,NULL,NULL,NULL),(68,55,NULL,NULL,NULL,NULL,NULL),(69,56,NULL,NULL,NULL,NULL,NULL),(70,57,NULL,NULL,NULL,NULL,NULL),(71,58,NULL,NULL,NULL,NULL,NULL),(72,59,NULL,NULL,NULL,NULL,NULL),(73,60,NULL,NULL,NULL,NULL,NULL),(74,61,NULL,NULL,NULL,NULL,NULL),(75,62,NULL,NULL,NULL,NULL,NULL),(76,63,NULL,NULL,NULL,NULL,NULL),(77,64,NULL,NULL,NULL,NULL,NULL),(78,65,NULL,NULL,NULL,NULL,NULL),(79,66,NULL,NULL,NULL,NULL,NULL),(80,67,NULL,NULL,NULL,NULL,NULL),(81,68,NULL,NULL,NULL,NULL,NULL),(82,69,NULL,NULL,NULL,NULL,NULL),(83,70,NULL,NULL,NULL,NULL,NULL),(84,71,NULL,NULL,NULL,NULL,NULL),(85,72,NULL,NULL,NULL,NULL,NULL),(86,73,NULL,NULL,NULL,NULL,NULL),(87,74,NULL,NULL,NULL,NULL,NULL),(88,75,NULL,NULL,NULL,NULL,NULL),(89,76,NULL,NULL,NULL,NULL,NULL),(90,77,NULL,NULL,NULL,NULL,NULL),(91,78,NULL,NULL,NULL,NULL,NULL),(92,79,NULL,NULL,NULL,NULL,NULL),(93,80,NULL,NULL,NULL,NULL,NULL),(94,81,NULL,NULL,NULL,NULL,NULL),(95,82,NULL,NULL,NULL,NULL,NULL),(96,83,NULL,NULL,NULL,NULL,NULL),(97,84,NULL,NULL,NULL,NULL,NULL),(98,85,NULL,NULL,NULL,NULL,NULL),(99,86,NULL,NULL,NULL,NULL,NULL),(100,87,NULL,NULL,NULL,NULL,NULL),(101,88,NULL,NULL,NULL,NULL,NULL),(102,89,NULL,NULL,NULL,NULL,NULL),(103,90,NULL,NULL,NULL,NULL,NULL),(104,91,NULL,NULL,NULL,NULL,NULL),(105,92,NULL,NULL,NULL,NULL,NULL),(106,93,NULL,NULL,NULL,NULL,NULL),(107,94,NULL,NULL,NULL,NULL,NULL),(108,95,NULL,NULL,NULL,NULL,NULL),(109,96,NULL,NULL,NULL,NULL,NULL),(110,97,NULL,NULL,NULL,NULL,NULL),(111,98,NULL,NULL,NULL,NULL,NULL),(112,99,NULL,NULL,NULL,NULL,NULL),(113,100,NULL,NULL,NULL,NULL,NULL),(114,101,NULL,NULL,NULL,NULL,NULL),(115,102,NULL,NULL,NULL,NULL,NULL),(116,103,NULL,NULL,NULL,NULL,NULL),(117,104,NULL,NULL,NULL,NULL,NULL),(118,105,NULL,NULL,NULL,NULL,NULL),(119,106,NULL,NULL,NULL,NULL,NULL),(120,107,NULL,NULL,NULL,NULL,NULL),(121,108,NULL,NULL,NULL,NULL,NULL),(122,109,NULL,NULL,NULL,NULL,NULL),(123,110,NULL,NULL,NULL,NULL,NULL),(124,111,NULL,NULL,NULL,NULL,NULL),(125,112,NULL,NULL,NULL,NULL,NULL),(126,113,NULL,NULL,NULL,NULL,NULL),(127,114,NULL,NULL,NULL,NULL,NULL),(128,115,NULL,NULL,NULL,NULL,NULL),(129,116,NULL,NULL,NULL,NULL,NULL),(130,117,NULL,NULL,NULL,NULL,NULL),(131,118,NULL,NULL,NULL,NULL,NULL),(132,119,NULL,NULL,NULL,NULL,NULL),(133,120,NULL,NULL,NULL,NULL,NULL),(134,121,NULL,NULL,NULL,NULL,NULL),(135,122,NULL,NULL,NULL,NULL,NULL),(136,123,NULL,NULL,NULL,NULL,NULL),(137,124,NULL,NULL,NULL,NULL,NULL),(138,125,NULL,NULL,NULL,NULL,NULL),(139,126,NULL,NULL,NULL,NULL,NULL),(140,127,NULL,NULL,NULL,NULL,NULL),(141,128,NULL,NULL,NULL,NULL,NULL),(142,129,NULL,NULL,NULL,NULL,NULL),(143,130,NULL,NULL,NULL,NULL,NULL),(144,131,NULL,NULL,NULL,NULL,NULL),(145,132,NULL,NULL,NULL,NULL,NULL),(146,133,NULL,NULL,NULL,NULL,NULL),(147,134,NULL,NULL,NULL,NULL,NULL),(148,135,NULL,NULL,NULL,NULL,NULL),(149,136,NULL,NULL,NULL,NULL,NULL),(150,137,NULL,NULL,NULL,NULL,NULL),(151,138,NULL,NULL,NULL,NULL,NULL),(152,139,NULL,NULL,NULL,NULL,NULL),(153,140,NULL,NULL,NULL,NULL,NULL),(154,141,NULL,NULL,NULL,NULL,NULL),(155,142,NULL,NULL,NULL,NULL,NULL),(156,143,NULL,NULL,NULL,NULL,NULL),(157,144,NULL,NULL,NULL,NULL,NULL),(158,145,NULL,NULL,NULL,NULL,NULL),(159,146,NULL,NULL,NULL,NULL,NULL),(160,147,NULL,NULL,NULL,NULL,NULL),(161,148,NULL,NULL,NULL,NULL,NULL),(162,149,NULL,NULL,NULL,NULL,NULL),(163,150,NULL,NULL,NULL,NULL,NULL),(164,151,NULL,NULL,NULL,NULL,NULL),(165,152,NULL,NULL,NULL,NULL,NULL),(166,153,NULL,NULL,NULL,NULL,NULL),(167,154,NULL,NULL,NULL,NULL,NULL),(168,155,NULL,NULL,NULL,NULL,NULL),(169,156,NULL,NULL,NULL,NULL,NULL),(170,157,NULL,NULL,NULL,NULL,NULL),(171,158,NULL,NULL,NULL,NULL,NULL),(172,159,NULL,NULL,NULL,NULL,NULL),(173,160,NULL,NULL,NULL,NULL,NULL),(174,161,NULL,NULL,NULL,NULL,NULL),(175,162,NULL,NULL,NULL,NULL,NULL),(176,163,NULL,NULL,NULL,NULL,NULL),(177,164,NULL,NULL,NULL,NULL,NULL),(178,165,NULL,NULL,NULL,NULL,NULL),(179,166,NULL,NULL,NULL,NULL,NULL),(180,167,NULL,NULL,NULL,NULL,NULL),(181,168,NULL,NULL,NULL,NULL,NULL),(182,169,NULL,NULL,NULL,NULL,NULL),(183,170,NULL,NULL,NULL,NULL,NULL),(184,171,NULL,NULL,NULL,NULL,NULL),(185,172,NULL,NULL,NULL,NULL,NULL),(186,173,NULL,NULL,NULL,NULL,NULL),(187,174,NULL,NULL,NULL,NULL,NULL),(188,175,NULL,NULL,NULL,NULL,NULL),(189,176,NULL,NULL,NULL,NULL,NULL),(190,177,NULL,NULL,NULL,NULL,NULL),(191,178,NULL,NULL,NULL,NULL,NULL),(192,179,NULL,NULL,NULL,NULL,NULL),(193,180,NULL,NULL,NULL,NULL,NULL),(194,181,NULL,NULL,NULL,NULL,NULL),(195,182,NULL,NULL,NULL,NULL,NULL),(196,183,NULL,NULL,NULL,NULL,NULL),(197,184,NULL,NULL,NULL,NULL,NULL),(198,185,NULL,NULL,NULL,NULL,NULL),(199,186,NULL,NULL,NULL,NULL,NULL),(200,187,NULL,NULL,NULL,NULL,NULL),(201,188,NULL,NULL,NULL,NULL,NULL),(202,189,NULL,NULL,NULL,NULL,NULL),(203,190,NULL,NULL,NULL,NULL,NULL),(204,191,NULL,NULL,NULL,NULL,NULL),(205,192,NULL,NULL,NULL,NULL,NULL),(206,193,NULL,NULL,NULL,NULL,NULL),(207,194,NULL,NULL,NULL,NULL,NULL),(208,195,NULL,NULL,NULL,NULL,NULL),(209,196,NULL,NULL,NULL,NULL,NULL),(210,197,NULL,NULL,NULL,NULL,NULL),(211,198,NULL,NULL,NULL,NULL,NULL),(212,199,NULL,NULL,NULL,NULL,NULL),(214,201,NULL,NULL,NULL,NULL,NULL),(215,202,NULL,NULL,NULL,NULL,NULL),(216,203,NULL,NULL,NULL,NULL,NULL),(217,204,NULL,NULL,NULL,NULL,NULL),(218,205,NULL,NULL,NULL,NULL,NULL),(219,206,NULL,NULL,NULL,NULL,NULL),(220,207,NULL,NULL,NULL,NULL,NULL),(221,208,NULL,NULL,NULL,NULL,NULL),(222,209,NULL,NULL,NULL,NULL,NULL),(223,210,NULL,NULL,NULL,NULL,NULL),(224,211,NULL,NULL,NULL,NULL,NULL),(225,213,NULL,NULL,NULL,NULL,NULL);
/*!40000 ALTER TABLE `objectives_implementation` ENABLE KEYS */;
UNLOCK TABLES;

--
-- Table structure for table `ordinances`
--

DROP TABLE IF EXISTS `ordinances`;
/*!40101 SET @saved_cs_client     = @@character_set_client */;
/*!50503 SET character_set_client = utf8mb4 */;
CREATE TABLE `ordinances` (
  `id` int NOT NULL AUTO_INCREMENT,
  `title` text,
  `number` varchar(50) DEFAULT NULL,
  `date_issued` varchar(255) DEFAULT NULL,
  `details` text,
  `date_effectivity` varchar(255) DEFAULT NULL,
  `status` enum('Pending','Approved','Implemented','Under Review','Amended') DEFAULT NULL,
  `related_ordinances` text,
  `file_path` varchar(255) DEFAULT NULL,
  `document_type` varchar(50) DEFAULT NULL,
  `is_deleted` tinyint(1) NOT NULL DEFAULT '0',
  PRIMARY KEY (`id`)
) ENGINE=InnoDB AUTO_INCREMENT=214 DEFAULT CHARSET=utf8mb4 COLLATE=utf8mb4_0900_ai_ci;
/*!40101 SET character_set_client = @saved_cs_client */;

--
-- Dumping data for table `ordinances`
--

LOCK TABLES `ordinances` WRITE;
/*!40000 ALTER TABLE `ordinances` DISABLE KEYS */;
INSERT INTO `ordinances` VALUES (1,'ORDINANCE ESTABLISHING POLICIES AND GUIDELINES IN THE MANAGEMENT, MAINTENANCE AND UTILIZATION OF THE BENJAMIN G. DY SPORTS COMPLEX','ORD No. 2020-317','2020-08-25','','Wed, 25 Aug 0202 00:00:00 GMT','Approved',NULL,'ord.  2020-317.pdf','Ordinance',0),(2,'RESOLUTION AUTHORIZING THE HONORABLE CITY MAYOR BERNARD FAUSTINO M. DY FOR THE TEMPORARY CLOSURE OF STREET INFRONT OF THE CAUAYAN CITY HALL ON MARCH 15-22, 2020, 5:00 O\'CLOCK IN THE AFTERNOON ONWARDS IN LINE WITH THE EVENT OF PHILIPPINE ASSOCIATION OF LOCAL GOVERNMENT ACCOUNTANTS, INC. (PALGAI)','RESO No. 2020-039','2020-03-10','','2020-03-10','Approved',NULL,'res. 2020-039.pdf','Resolution',0),(3,'RESOLUTION COMMENDING THE CAUAYAN CITY POLICE STATION HEADED BY ITS CHIEF OF POLICE, PLC GERALD P. GAMBOA FOR DONATING CHRISTMAS PACKAGES TO LESS FORTUNATE FAMILIES IN DIFFERENT BARANGAYS \r\nDURING THE CHRISTMAS SEASON','RESO No. 2020-040','2020-03-16','','2020-03-16','Approved',NULL,'res. 2020-040.pdf','Resolution',0),(4,'RESOLUTION AUTHORIZING THE HON. BERNARD FAUSTINO M. DY, CITY MAYOR, TO ENTER INTO A MEMORANDUM OF AGREEMENT (MOA) WITH VARIOUS SUPERMARKETS, STORES AND GROCERIES IN THE CITY OF CAUAYAN, FOR THE PURPOSE OF REDEMPTION OF ESSENTIAL COMMODITIES STUB ISSUED BY THE CITY GOVERNMENT UNIT OF CAUAYAN AS PART OF ITS \"ALAY SA KALINGA SA PAMIL YANG CAUAYENO (AKAP-C)\" ','RESO No. 2020-054','2020-04-30','','2020-04-30','Approved',NULL,'res. 2020-054.pdf','Resolution',0),(5,'RESOLUTION AUTHORIZlNG THE HON. BERNARD FAUSTINO M. DY, CITY MAYOR, TO SIGN A DEED OF ABSOLUTE SALE WITH MR. ROQUE L. RAMONES, FOR THE PURCHASE OF A CERTAIN PARCEL OF LAND LOCATED AT BARANGAY SAN PABLO, CITY OF CAUAYAN, ISABELA, COVERING AN AREA OF ONE HUNDRED THOUSAND (100,000) SQUARE METERS MORE OR LESS COVERED BY TCT NO. T- 396881, TCT NO. 396882, TCT NO. T-396885, TCT. NO. T-396886 AND TCT NO. T- 396887, ALL ISSUED BY THE REGISTRY OF DEEDS OF THE PROVINCE OF ISABELA','RESO No. 2020-058','2020-05-06','','2020-05-06','Approved',NULL,'res. 2020-058.pdf','Resolution',0),(6,'RESOLUTION AUTHORIZING THE HON. BERNARD FAUSTINO M. DY, CITY MAYOR, TO ENTER INTO A LABORATORY SERVICE AGREEMENT (LSA) AND SIGN A MEMORANDA RELATING TO TESTING CONTAINMENT AND HANDLING OF COVID-19 SAMPLES FOR TESTING AT THE BAGUIO GENERAL HOSPITAL AND MEDICAL CENTER (BGHMC) REPRESENTED BY ITS CHIEF, DR. RICARDO B. RUNEZ, JR.','RESO No. 2020-059','2020-05-06','','2020-05-06','Approved',NULL,'res. 2020-059.pdf','Resolution',0),(7,'RESOLUTION AUTHORIZING THE HON. BERNARD FAUSTINO M. DY, CITY MAYOR TO ENTER INTO A MEMORANDUM OF UNDERSTANDING (MOU) WITH THE DEPARTMENT OF AGRICULTURE REGIONAL FIELD OFFICE 02 - CAGAYAN VALLEY RESEARCH CENTER REPRESENTED BY ITS REGIONAL EXECUTIVE DIRECTOR, MR. \r\nNARCISO A. EDILLO FOR THE FOOD PRODUCT DEVELOPMENT OF MAIZE SILKY \r\nSIP IN THE CITY OF CAUAYAN, ISABELA','RESO No. 2020-063','2020-05-27','','2020-05-27','Approved',NULL,'res. 2020-063.pdf','Resolution',0),(8,'RESOLUTION AUTHORIZING THE HON. BERNARD FAUSTINO M. DY, CITY MAYOR, TO ENTER INTO AND SIGN A DEED OF DONATION WITH THE BUREAU OF INTERNAL REVENUE, REPRESENTED BY MR. CAESAR R. DULAY, COMMISSIONER INTERNAL REVENUE, REGARDING A PARCEL OF LAND COVERING AN AREA OF FOUR THOUSAND (4,000) SQUARE METERS MORE OR LESS LOCATED AT BARANGAY TAGARAN, CITY OF \r\nCAUA YAN, ISABELA','RESO No. 2020-067','2020-06-02','','2020-06-02','Approved',NULL,'res. 2020-067.pdf','Resolution',0),(9,'RESOLUTION AUTHORIZING THE HON. BERNARD FAUSTINO M. DY, CITY MAYOR, TO ENTER/SIGN INTO A MEMORANDUM OF UNDERSTANDING (MOU) WITH THE DEPARTMENT OF HEAL TH -CAGAYAN VALLEY CENTER FOR HEAL TH DEVELOPMENT \r\n(DOH-CVCHD), REPRESENTED BY ITS DIRECTOR, DR. RIO L. MAGPANTAY, REGARDING THE IMPLEMENTATION OF 2020 HUMAN RESOURCE FOR HEAL TH DEPLOYMENT PROGRAM (HRH) AT CITY HEALTH UNIT, CITY OF CAUAYAN, ISABELA','RESO No. 2020-084','2020-07-15','','2020-07-15','Approved',NULL,'res. 2020-084.pdf','Resolution',0),(10,'RESOLUTION APPROVING THE REVENUE CODE OF BARANGAY MINANTE II, \r\nCITY OF CAUAYAN, ISABELA','RESO No. 2020-087','2020-07-21','','2020-07-21','Approved',NULL,'res. 2020-087.pdf','Resolution',0),(11,'RESOLUTION APPROVING THE ONE HUNDRED TWENTY-ONE (121) APPLICATIONS FOR \r\nFRANCHISE TO OPERATE MOTORIZED TRICYCLES WITHIN THE TERRITORIAL \r\nJURISDICTION OF THE CITY OF CAUAYAN, ISABELA','RESO No. 2020-105','2020-08-11','','2020-08-11','Approved',NULL,'res. 2020-105.pdf','Resolution',0),(12,'RESOLUTION AUTHORIZING THE HON. BERNARD FAUSTINO M. DY, CITY MAYOR, TO EXTEND/RENEW THE CONTRACT OF SERVICE OF MR. PILARITO R. MALLILLIN AS SECURITY OFFICER Ill UNDER THE PUBLIC ORDER AND SAFETY DIVISION (POSD) IN THE CITY GOVERNMENT OF CAUAYAN, ISABELA, RETROACTIVE FROM SEPTEMBER 19, 2020 TO MARCH 19, 2021 AND TO INCREASE THE MONTHLY REMUNERATION FROM SALARY GRADE 11 TO SALARY GRADE 18','RESO No. 2020-141','2020-11-17','','2020-11-17','Approved',NULL,'res. 2020-141.pdf','Resolution',0),(13,'RESOLUTION DECLARING THE CITY OF CAUAYAN UNDER STATE OF CALAMITY DUE TO THE CUMULATIVE EFFECTS OF TYPHOONS ROLLY, SIONY, AND ULYSSES, AND \r\nTORRENTIAL RAINS','RESO No. 2020-142','2020-11-25','','2020-11-25','Approved',NULL,'res. 2020-142.pdf','Resolution',0),(14,'RESOLUTION AUTHORIZING THE HONORABLE CITY MAYOR BERNARD FAUSTINO M. DY, TO RENEW THE MEMORANDUM OF AGREEMENT (MOA) WITH THE STRENGTH AND AESTHETICS FITNESS CENTER FOR THE HEAL TH AND WELLNESS OF CITY GOVERNMENT EMPLOYEES, CITY ATHLETES AND SENIOR CITIZENS IN THE CITY OF \r\nCAUAYAN','RESO No. 2020-143','2020-11-25','','2020-11-25','Approved',NULL,'res. 2020-143.pdf','Resolution',0),(15,'RESOLUTION AUTHORIZING THE CITY MAYOR, HON. BERNARD FAUSTINO M. DY TO ENTER INTO A MEMORANDUM OF AGREEMENT (MOA) WITH THE BUREAU OF FISHERIES AND AQUATIC RESOURCES, REGION 02 (BFAR-RO2), AND BENEFICIARY/COOPERATOR, MR. GILBERT BABAS, IN CONNECTION WITH THE IMPLEMENTATION OF TECHNOLOGY VERIFICATION TRIAL ON THE CULTURE OF EEL (ANGUILLA 8/COLOR PACIFICA AND ANGUILLA MARMORATA) IN TANKS AND PONDS','RESO No. 2020-144','2020-11-25','','2020-11-25','Approved',NULL,'res. 2020-144.pdf','Resolution',0),(16,'RESOLUTION APPROVING THE REQUEST FOR ACCREDITATION OF FIRST ISABELA \r\nCREDIT COOPERATIVE, AS NON-GOVERNMENTAL ORGANIZATION IN THE CITY OF \r\nCAUAYAN ISABELA','RESO No. 2020-145','2020-11-25','','2020-11-25','Approved',NULL,'res. 2020-145.pdf','Resolution',0),(17,'RESOLUTION AUTHORIZING THE HON. BERNARD FAUSTINO M. DY, CITY MAYOR, TO ENTER INTO A MEMORANDUM OF AGREEMENT (MCA) WITH THE MUNICIPALITY OF MACONACON, ISABELA, REPRESENTED BYITS MUNICIPAL MAYOR, HON. MA. LYCELLE KATE D. VICENTE, FOR THE PURPOSE OF ESTABLISHING PARTNERSHIP ON HANDLING LOCALLY STRANDED INDIVIDUALS (LSIS) AND RETURNING OVERSEAS FILIPINO (ROFS)','RESO No. 2020-146','2020-11-25','','2020-11-25','Approved',NULL,'res. 2020-146.pdf','Resolution',0),(18,'RESOLUTION AUTHORIZING THE HON. BERNARD FAUSTINO M. DY, CITY MAYOR, TO ENTER INTO A MEMORANDUM OF AGREEMENT (MOA) WITH VARIOUS MUNICIPALITIES AND/OR CITIES THAT ENGAGE THE SOLID WASTE MANAGEMENT SERVICES OF THE CITY GOVERNMENT OF CAUAYAN','RESO No. 2020-148','2020-11-25','','2020-11-25','Approved',NULL,'res. 2020-148.pdf','Resolution',0),(19,'RESOLUTION OF CONDOLENCE AND SYMPATHY EXPRESSED BY THE CITY OFFICIALDOM TO THE BEREAVED FAMILY OF THE LATE CITY COUNCILOR, HONORABLE SEVERINO BACCAY ASIRIT','RESO No. 2020-150','2020-12-03','','2020-12-03','Approved',NULL,'res. 2020-150.pdf','Resolution',0),(20,'RESOLUTION AUTHORIZING THE HON. BERNARD FAUSTINO M. DY, CITY MAYOR, TO ENTER INTO A MEMORANDUM OF AGREEMENT (MOA) WITH THE DEPARTMENT OF AGRICULTURE REGIONAL OFFICE II REPRESENTED BY ITS REGIONAL DIRECTOR, MR. NARCISO A. EDILLO, FOR THE IMPLEMENTATION OF URBAN AGRICULTURE PROJECT IN THE CITY OF CAUAYAN, ISABELA','RESO No. 2020-151','2020-12-03','','2020-12-03','Approved',NULL,'res. 2020-151.pdf','Resolution',0),(21,'RESOLUTION AUTHORIZING THE HON. BERNARD FAUSTINO M. DY, CITY MAYOR, TO ENTER INTO A MEMORANDUM OF AGREEMENT (MOA) WITH THE BUREAU OF FISHERIES AND AQUATIC RESOURCES REGIONAL OFFICE 02 REPRESENTED BY ITS REGIONAL DIRECTOR, MS. MILAGROS C. MORALES, FOR THE IMPLEMENTATION OF BACKYARD AQUAPONICS PILOT PROJECT UNDER \"AHON LAHAT, PAGKAING SAPAT KONTRA SA COVID-19 (ALPAS SA COVID-19) IN THE CITY OF CAUAYAN, ISABELA','RESO No. 2020-152','2020-12-03','','2020-12-03','Approved',NULL,'res. 2020-152.pdf','Resolution',0),(22,'RESOLUTION GRANTING FINAL APPROVAL AND DEVELOPMENT PERMIT (FADP) IN FAVOR OF MARANAN HOMES SUBDIVISION REPRESENTED BY ARLENE DE GUZMAN DY WHOSE PROPERTY IS LOCATED AT BARANGAY TAGARAN, CITY OF CAUAYAN, ISABELA, WITH AN AREA 01= 36,329 SQUARE METERS COVERED TITLE NO. 035-2016000863 ISSUED BY THE REGISTRY OF DEEDS OF ISABELA','RESO No. 2020-153','2020-12-11','','2020-12-11','Approved',NULL,'res. 2020-153.pdf','Resolution',0),(23,'RESOLUTION APPROVING THE RENEWAL OF CONTRACT OF SERVICE OF \r\nMR. GIL AQ. GUZMAN AS LIAISON OFFICER TO LEGISLATIVE COUNCILS \r\nOF THE MEMBERS OF THE METROPOLITAN CAUAYAN','RESO No. 2020-154','2020-12-11','','2020-12-11','Approved',NULL,'res. 2020-154.pdf','Resolution',0),(24,'RESOLUTION APPROVING THE ONE HUNDRED SEVENTEEN (117) APPLICATIONS FOR FRANCHISE TO OPERATE MOTORIZED TRICYCLES WITHIN THE TERRITORIAL JURISDICTION OF THE CITY OF CAUAYAN, ISABELA','RESO No. 2020-154A','2020-12-11','','2020-12-11','Approved',NULL,'res. 2020-154A.pdf','Resolution',0),(25,'RESOLUTION AUTHORIZING THE HON. BERNARD FAUSTINO M. DY, CITY MAYOR, TO ENTER INTO A DEED OF DONATION IN FAVOR OF THE CIVIL SERVICE COMMISSION (CSC) REPRESENTED BY ITS REGIONAL DIRECTOR, MS. NERISSA B. CAUILAN, DIRECTOR IV, FOR A CERTAIN PARCEL OF LAND COVERING AN AREA OF NINE HUNDRED FORTY FOUR (944) SQUARE METERS MORE OR LESS LOCATED AT BARANGAY DISTRICT II, CITY OF CAUAYAN, TO BE USED AS CSC SATELLITE OFFICE','RESO No. 2020-155','2020-12-11','','2020-12-11','Approved',NULL,'res. 2020-155.pdf','Resolution',0),(26,'RESOLUTION AUTHORIZING THE HON. BERNARD FAUSTINO M. DY, CITY MAYOR, TO ENTER INTO A DEED OF DONATION IN FAVOR OF ISABELA STATE UNIVERSITY (ISU), REPRESENTED BY ITS PRESIDENT, MR. RICMAR P. AQUINO, FOR A CERTAIN PARCEL OF LAND COVERING AN AREA OF 2.7 HECTARES LOCATED AT SITIO MANALPAAC, BARANGAY SAN PABLO, CITY OF CAUAYAN, FOR RESEARCH, TRAINING, PRODUCTION, AND OTHER ACTIVITIES RELATED TO AGRICULTURE AND URBAN FARMING','RESO No. 2020-156','2020-12-11','','2020-12-11','Approved',NULL,'res. 2020-156.pdf','Resolution',0),(27,'RESOLUTION EXPRESSING GRATITUDE AND SINCEREST THANKS TO THE WHOLE OFFICIALDOM OF THE CITY OF SAN FERNANDO, PROVINCE OF LA UNION FOR EXTENDING SUPPORT TO THE CITY GOVERNMENT OF CAUAYAN ESPECIALLY TO THE ASSISTANCE GNEN TO VICTIMS OF NATURAL CALAMITY DUE TO FLOODING CAUSED BY TYPHOONS ROLL Y, SIONY AND UL YSSIS','RESO No. 2020-157','2020-12-11','','2020-12-11','Approved',NULL,'res. 2020-157.pdf','Resolution',0),(28,'RESOLUTION EXPRESSING GRATITUDE AND SINCEREST THANKS TO THE WHOLE OFFICIALDOM OF THE MUNICIPALITY OF SAGADA, MOUNTAIN PROVINCE, FOR EXTENDING SUPPORT TO THE CITY GOVERNMENT OF CAUAYAN ESPECIALLY TO THE ASSISTANCE GNEN TO VICTIMS OF NATURAL CALAMITY DUE TO FLOODING CAUSED BY TYPHOONS ROLL Y, SIONY AND ULYSSIS','RESO No. 2020-158','2020-12-11','','2020-12-11','Approved',NULL,'res. 2020-158.pdf','Resolution',0),(29,'RESOLUTION EXPRESSING GRATITUDE AND SINCEREST THANKS TO THE WHOLE OFFICIALDOM OF THE DEPARTMENT OF AGRICULTURE-CORDILLERA ADMINISTRATIVE REGION, BAGUIO CITY, FOR EXTENDING SUPPORT TO THE CITY GOVERNMENT OF CAUAYAN ESPECIALLY TO THE ASSISTANCE GIVEN TO VICTIMS OF NATURAL CALAMITY DUE TO FLOODING CAUSED BY TYPHOONS ROLLY, SIONY AND ULYSSIS','RESO No. 2020-159','2020-12-11','','2020-12-11','Approved',NULL,'res. 2020-159.pdf','Resolution',0),(30,'RESOLUTION EXPRESSING GRATITUDE AND SINCEREST THANKS TO THE WHOLE OFFICIALDOM OF THE MUNICIPALITY OF AGOO, LA UNION, FOR EXTENDING SUPPORT TO THE CITY GOVERNMENT OF CAUAYAN ESPECIALLY TO THE ASSISTANCE GIVEN TO VICTIMS OF NATURAL CALAMITY DUE TO FLOODING CAUSED BY TYPHOONS ROLL Y, SIONY AND ULYSSIS','RESO No. 2020-160','2020-12-11','','2020-12-11','Approved',NULL,'res. 2020-160.pdf','Resolution',0),(31,'RESOLUTION EXPRESSING GRATITUDE AND SINCEREST THANKS TO THE WHOLE \r\nOFFICIALDOM OF THE PROVINCIAL GOVERNMENT OF TARLAC, FOR EXTENDING \r\nSUPPORT TO THE CITY GOVERNMENT OF CAUAYAN ESPECIALLY TO THE \r\nASSISTANCE GIVEN TO VICTIMS OF NATURAL CALAMITY DUE TO FLOODING \r\nCAUSED BY TYPHOONS ROLL Y, SIONY AND ULYSSIS','RESO No. 2020-161','2020-12-11','','2020-12-11','Approved',NULL,'res. 2020-161.pdf','Resolution',0),(32,'RESOLUTION EXPRESSING GRATITUDE AND SINCEREST THANKS TO THE WHOLE OFFICIALDOM OF THE TAGUM CITY, DAVAO DEL NORTE, FOR EXTENDING SUPPORT TO THE CITY GOVERNMENT OF CAUAYAN ESPECIALLY TO THE ASSISTANCE GIVEN TO VICTIMS OF NATURAL CALAMITY DUE TO FLOODING CAUSED BY TYPHOONS ROLL Y, SIONY AND ULYSSIS','RESO No. 2020-162','2020-12-11','','2020-12-11','Approved',NULL,'res. 2020-162.pdf','Resolution',0),(33,'RESOLUTION EXPRESSING GRATITUDE AND SINCEREST THANKS TO THE WHOLE OFFICIALDOM OF THE CITY GOVERNMENT OF BATAC, ILOCOS NORTE, FOR EXTENDING SUPPORT TO THE CITY GOVERNMENT OF CAUAYAN ESPECIALLY TO THE ASSISTANCE GIVEN TO VICTIMS OF NATURAL CALAMITY DUE TO FLOODING CAUSED BY TYPHOONS ROLL Y, SIONY AND ULYSSIS','RESO No. 2020-163','2020-12-11','','2020-12-11','Approved',NULL,'res. 2020-163.pdf','Resolution',0),(34,'RESOLUTION EXPRESSING GRATITUDE AND SINCEREST THANKS TO THE MEMBERS OF THE SANGGUNIANG BAYAN, MUNICIPALITY OF ALICIA, ISABELA, FOR EXTENDING SUPPORT TO THE CITY GOVERNMENT OF CAUAYAN ESPECIALLY TO THE ASSISTANCE GNEN TO VICTIMS OF NATURAL CALAMITY DUE TO FLOODING CAUSED BY TYPHOONS ROLL Y, SIONY AND ULYSSIS','RESO No. 2020-164','2020-12-11','','2020-12-11','Approved',NULL,'res. 2020-164.pdf','Resolution',0),(35,'RESOLUTION EXPRESSING GRATITUDE AND SINCEREST THANKS TO THE WHOLE OFFICIALDOM OF CITY OF ALAMINOS, PANGASINAN, FOR EXTENDING SUPPORT TO THE CITY GOVERNMENT OF CAUAYAN ESPECIALLY TO THE ASSISTANCE GIVEN TO VICTIMS OF NATURAL CALAMITY DUE TO FLOODING CAUSED BY TYPHOONS ROLL Y, SIONY AND ULYSSIS','RESO No. 2020-165','2020-12-11','','2020-12-11','Approved',NULL,'res. 2020-165.pdf','Resolution',0),(36,'RESOLUTION AUTHORIZING THE HON. BERNARD FAUSTINO M. DY, CITY MAYOR, TO ENTER/SIGN INTO A MEMORANDUM OF AGREEMENT (MOA) WITH THE PRIVATE AND GOVERNMENT ENTITIES REGARDING THE ESTABLISHMENT OF RICE DEMO FARMS IN THE CITY OF CAUAYAN, ISABELA','RESO No. 2020-166','2020-12-16','','2020-12-16','Approved',NULL,'res. 2020-166.pdf','Resolution',0),(37,'RESOLUTION GRANTING ECONOMIC RELIEF ASSISTANCE (ERA) TO ALL \r\nEMPLOYEES OF THE CITY GOVERNMENT OF CAUAYAN, ISABELA IN THE \r\nAMOUNT OF TEN THOUSAND (tt10,000.00) PESOS EACH','RESO No. 2020-167','2020-12-16','','2020-12-16','Approved',NULL,'res. 2020-167.pdf','Resolution',0),(38,'RESOLUTION AUTHORIZING THE CITY MAYOR HON. BERNARD FAUSTINO M. DY, TO GRANT PRODUCTIVITY ENHANCEMENT INCENTIVE (PEI) TO ALL QUALIFIED EMPLOYEES OF THE CITY GOVERNMENT OF CAUAYAN IN THE AMOUNT OF FIVE THOUSAND (ft 5,000.00) PESOS','RESO No. 2020-168','2020-12-16','','2020-12-16','Approved',NULL,'res. 2020-168.pdf','Resolution',0),(39,'RESOLUTION AUTHORIZING THE HON. BERNARD FAUSTINO M. DY, CITY MAYOR, TO SIGN/ENTER INTO A MEMORANDUM OF UNDERSTANDING (MOU) WITH THE DEPARTMENT OF HEALTH-CAGAYAN VALLEY CENTER FOR HEALTH DEVELOPMENT, REPRESENTED BY IT REGIONAL DIRECTOR, DR. RIO L. MAGPANTAY, FOR THE TRANSFER OF FUNDS IN FAVOR OF THE CITY GOVERNMENT OF CAUAYAN IN THE AMOUNT OF ONE MILLION SEVEN HUNDRED TWENTY SEVEN THOUSAND FIVE HUNDRED FIVE AND 1/100 (?1,727,505.01) INTENDED FOR THE GRANT OF ACTIVE HAZARD DUTY PAY (AHDP) AND SPECIAL RISK ALLOWANCE (SRA) TO HUMAN RESOURCES FOR HEAL TH (HRHs) SERVING IN THE FRONTLINE DURING THE STATE OF NATIONAL EMERGENCY','RESO No. 2020-169','2020-12-16','','2020-12-16','Approved',NULL,'res. 2020-169.pdf','Resolution',0),(40,'RESOLUTION AUTHORIZING THE HON. LEONCIO A. DALIN, JR., ACTING CITY MAYOR, TO ENTER INTO A MEMORANDUM OF AGREEMENT (MOA) WITH MUL TISYS TECHNOLOGIES CORPORATION, REPRESENTED BY ITS PRESIDENT AND CEO, MR. DAVID L. ALMIROL JR., FOR THE ELECTRONIC PAYMENT SERVICE','RESO No. 2020-170','2020-12-28','','2020-12-28','Approved',NULL,'res. 2020-170.pdf','Resolution',0),(41,'RESOLUTION ADOPTING AND APPROVING THE PEACE AND ORDER AND PUBLIC SAFETY (POPS) PLAN 2020-2022 OF THE CITY OF CAUAYAN, ISABELA','RESO No. 2020-171','2020-12-28','','2020-12-28','Approved',NULL,'res. 2020-171.pdf','Resolution',0),(42,'RESOLUTION ADOPTING MEMORANDUM NO. 2 SERIES OF 2020 ISSUED BY THE INTER-AGENCY TASK FORCE FOR THE MANAGEMENT OF EMERGING INFECTIOUS DISEASE NATIONAL TASK FORCE COVID19 FOR THE OPERATIONAL GUIDELINES ON THE APPLICATION OF THE ZONING CONTAINMENT STRATEGY IN THE LOCALIZATION OF THE NATIONAL ACTION PLAN AGAINST COVID-19 RESPONSE','RESO No. 2020-172','2020-12-28','','2020-12-28','Approved',NULL,'res. 2020-172.pdf','Resolution',0),(43,'RESOLUTION ADOPTING AND APPROVING THE 10-YEAR ENHANCED LOCAL CLIMATE CHANGE ACTION PLAN OF THE CITY OF CAUAYAN, ISABELA, FOR CY 2022 TO 2031','RESO No. 2021-187','2021-12-29','','2021-12-29','Approved',NULL,'res. 2021 - 187.pdf','Resolution',0),(44,'RESOLUTION AUTHORIZING THE HON. BERNARD FAUSTINO M. DY, CITY MAYOR TO ENTER/SIGN INTO A MEMORANDUM OF AGREEMENT (MOA) WITH THE PROVINCIAL GOVERNMENT OF ISABELA, REPRESENTED BY PROVINCIAL GOVERNOR, HON. RODOLFO T.ALBANO, Ill, REGARDING THE ASSISTANCE REQUESTED BY THE CITY GOVERNMENT OF CAUAYAN TO FUND ITS ROAD CONCRETING PROJECT IN THE AMOUNT OF SEVEN MILLION FIVE HUNDRED THOUSAND (P7,500,000.00) PESOS LOCATED AT BARANGAY MANAOAG, CITY OF CAUAYAN, ISABELA','RESO No. 2021-085','2021-07-06','','2021-07-06','Approved',NULL,'res. 2021-085.pdf','Resolution',0),(45,'RESOLUTION AUTHORIZING THE HON. BERNARD FAUSTINO M. DY, CITY MAYOR TO ENTER INTO A MEMORANDUM OF AGREEMENT (MOA) WITH THE DEPARTMENT OF AGRICULTURE REGIONAL OFFICE 02 AND THE ISABELA SEED GROWERS MPC FOR THE CONSTRUCTION OF MULTI-PURPOSE DRYING PAVEMENT AND PALAY SHED','RESO No. 2021-121','2021-08-31','','2021-08-31','Approved',NULL,'res. 2021-121.pdf','Resolution',0),(46,'RESOLUTION APPROVING SUPPLEMENTAL ANNUAL INVESTMENT PROGRAM (AIP) OF THE CITY OF CAUAYAN IN THE AMOUNT OF THIRTY-NINE MILLION, FOUR HUNDRED TWENTY-THREE THOUSAND, FOUR HUNDRED EIGHTY-THREE PESOS AND SEVENTY-THREE CENTAVOS (? 39,423,483.73) BE ALLOCATED AND BE UTILIZED FOR DONATIONS AND 5% CALAMITY FUND FOR THE CITY OF CAUAYAN, ISABELA','RESO No. 2022-170','2022-12-06','','2022-12-06','Approved',NULL,'reas. 2022-170.pdf','Resolution',0),(47,'RESOLUTION WAIVING RIGHTS TO CONFIDENTIALITY OF INFORMATION BY AUTHORIZING THE LAND BANK OF THE PHILIPPINES (LBP) TO DISCLOSE TO THE \r\nBANGKO SENTRAL NG PILIPINAS (BSP) THE TRANSACTIONS OF THE CITY GOVERNMENT OF CAUAYAN REGARDING ALL INFORMATION PERTAINING TO THE DEPOSITS, INVESTMENTS, LOANS OR OTHER TRANSACTIONS INCLUDING THE HISTORY OR STATUS OF ITS DEALINGS WITH SAID BANKS OR FINANCIAL INSTITUTIONS AND FOR THE BSP TO MAKE ALL INQUIRIES AS MAY BE NECESSARY REGARDING THE SAME','RESO No. 2022-001','2022-01-18','','2022-01-18','Approved',NULL,'res.  2022-001.pdf','Resolution',0),(48,'RESOLUTION DISMISSING THE COMPLAINT LODGED BY MR. FERDINAND JARQUIO ET. AL AGAINST THE BARANGAY OFFICIALS OF BARANGAY NUNGNUNGAN II, CITY OF CAUAYAN, FOR FAILURE TO STATE CAUSE OF ACTION AND FOR FAILURE TO COMPLY WITH THE FORMAL REQUIREMENTS PROVIDED UNDER ORDINANCE NO. 2019-245 TITLED \"ENACTING THE RULES ON ADMINISTRATIVE INVESTIGATION BY THE SANGGUNIANG PANLUNGSOD OF CAUAYAN, ISABELA\"','RESO No. 2021-001','2021-01-28','','2021-01-28','Approved',NULL,'res. 2021-001.pdf','Resolution',0),(49,'RESOLUTION APPROVING THE EIGHTY-THREE (83) APPLICATIONS FOR FRANCHISE TO OPERATE MOTORIZED TRICYCLES WITHIN THE TERRITORIAL JURISDICTION OF THE CITY OF CAUAYAN, ISABELA','RESO No. 2021-002','2021-01-28','','2021-01-28','Approved',NULL,'res. 2021-002.pdf','Resolution',0),(50,'sample','MEMO No. 1','2021-01-01','','2021-01-01','Approved',NULL,NULL,'Memo',1),(51,'RESOLUTION AUTHORIZING THE HON. BERNARD FAUSTINO M. DY, CITY MAYOR TO ENTER INTO A MEMORANDUM OF AGREEMENT (MOA) WITH THE DEPARTMENT OF HEALTH REGIONAL OFFICE 02 RE: ALLOCATION OF CASH ASSISTANCE TO HELP DEFRAY VARIOUS EXPENDITURES IN COMBATING AND CONTAINING THE SPREAD OF COVID-19','RESO No. 2021-03','2021-01-28','','2021-01-28','Approved',NULL,'res. 2021-003.pdf','Resolution',0),(52,'RESOLUTION COMMENDING DR MARITES L. LLANES, CESE, ASSISTANT SCHOOLS DIVISION SUPERINTENDENT OF THE CITY OF CAUAYAN FOR HER EXEMPLARY SERVICE IN THE DIVISION OF CAUAYAN CITY FROM JULY, 2020 TO JANUARY 20, 2021','RESO No. 2021-004','2021-01-28','','2021-01-28','Approved',NULL,'res. 2021-004.pdf','Resolution',0),(53,'RESOLUTION COMMENDING DR. LETICIA NARAG AQUINO BEING THE NEWLY APPOINTED EXECUTIVE DIRECTOR AND PROVOST OF THE PHILIPPINE 2021. NORMAL UNIVERSITY - NORTH LUZON (Sponsor: CAMPUS, HON. GARRY ALICIA, G. ISABELA LAST JANUARY 19, 2021','RESO No. 2021-005','2021-01-28','','2021-01-28','Approved',NULL,'res. 2021-005.pdf','Resolution',0),(54,'RESOLUTION AUTHORIZING THE HON. BERNARD FAUSTINO M. DY, CITY MAYOR AND DR. MARY KRISTIN A. PURUGGANAN, ASSISTANT CITY HEAL TH OFFICER REFERRED TO AS THE \"CLIENT\'\' TO ENTER INTO A MEMORANDUM OF AGREEMENT (MOA) WITH THE BIZBOX, REPRESENTED BY ITS AUTHORIZED REPRESENTATIVES, MR. BOBBY L. LUA, CEO AND MS. SHERYL P. LAGUNDINO, FINANCE MANAGER REFERRED TO AS THE \"BIZBOX\", FOR THE IMPLEMENTATION OF BIZBOX E-CLAIMS IN THE CITY OF CAUAYAN, ISABELA','RESO No. 2021-006','2021-01-28','','2021-01-28','Approved',NULL,'res. 2021-006.pdf','Resolution',0),(55,'RESOLUTION APPROVING THE BARANGAY ANNUAL BUDGETS FOR YEAR 2021 OF FORTY-ONE (41) BARANGAYS NAMELY BACULOD, BUGALLON, CABARUAN, CARABATAN CHICA, CULALABAT, DE VERA, DISIMURAY, DISTRICT I, DISTRICT II, DUMINIT, LABINAB, MALIGAYA, NAGRUMBUAN, PINOMA, RIZAL, ROGUS, SAN PABLO, VILLA CONCEPCION, ALINAM, BARANGIN NORTE, BARINGIN SUR, BUENA SUERTE, BUYON, CARABATAN BACARENO, CARABATAN PUNTA, CASALATAN, CATALINA, DIANAO, GAGABUTAN, LINGLINGAY, MABANTAD, MANAOAG, MARABULIG I, MINANTE II, NAGCAMPEGAN, NUNGNUNGAN II, SAN FRANCISCO, STA. LUCIANA, TAGARAN, VILLA FLOR AND VILLA LUNA, CITY OF CAUAYAN, ISABELA','RESO No. 2021-006A','2021-02-03','','2021-02-03','Approved',NULL,'res. 2021-006A.pdf','Resolution',0),(56,'RESOLUTION AUTHORIZING THE HON. BERNARD FAUSTINO M. DY, CITY MAYOR AND THE CITY TREASURER TO OPEN A NEW ACCOUNT OF THE CITY GOVERNMENT OF CAUAYAN WITH LAND BANK OF THE PHILIPPINES, CAUAYAN BRANCH, CITY OF CAUAYAN, ISABELA, PURPOSELY FOR THE PAYMENT APPLICATION SECURE SYSTEM (PASS 5)','RESO No. 2021-007','2021-02-03','','2021-02-03','Approved',NULL,'res. 2021-007.pdf','Resolution',0),(57,'RESOLUTION AUTHORIZING THE HON. BERNARD FAUSTINO M. DY, CITY MAYOR TO ENTER/SIGN A MEMORANDUM OF AGREEMENT (MOA) BETWEEN THE CITY GOVERNMENT OF CAUAYAN, ISABELA AND CITY GOVERNMENT OF ALAMINOS, PANGASINAN REGARDING SISTER-CITY RELATIONSHIP AND TWINNING AGREEMENT','RESO No. 2021-008','2021-02-03','','2021-02-03','Approved',NULL,'res. 2021-008.pdf','Resolution',0),(58,'RESOLUTION AUTHORIZING THE HONORABLE BERNARD FAUSTINO M. DY, CITY \r\nMAYOR, TO ENTER INTO A MEMORANDUM OF AGREEMENT WITH THE DEPARTMENT OF AGRICULTURE FOR THE IMPLEMENTATION OF THE URBAN AGRICULTURE \r\nPROJECT IN THE CITY OF CAUAYAN','RESO No. 2021-009','2021-02-03','','2021-02-03','Approved',NULL,'res. 2021-009.pdf','Resolution',0),(59,'RESOLUTION AUTHORIZING THE HON. BERNARD FAUSTINO M. DY, CITY MAYOR, TO PURCHASE A CERTAIN PARCEL OF LOT INTENDED TO BE USED AS \r\nCOVID-19 ISOLATION FACILITY','RESO No. 2021-009A','2021-02-10','','2021-02-10','Approved',NULL,'res. 2021-009A.pdf','Resolution',0),(60,'RESOLUTION APPROVING THE EIGHTY-TWO (82) APPLICATIONS FOR FRANCHISE TO OPERATE MOTORIZED TRICYCLES WITHIN THE TERRITORIAL JURISDICTION \r\nOF THE CITY OF CAUAYAN, ISABELA','RESO No. 2021-010','2021-02-10','','2021-02-10','Approved',NULL,'res. 2021-010.pdf','Resolution',0),(61,'RESOLUTION AUTHORIZING THE CITY MAYOR, HON. BERNARD FAUSTINO M. DY, TO ENTER/SIGN A MEMORANDUM OF AGREEMENT (MOA) BETWEEN THE CITY \r\nGOVERNMENT OF CAUAYAN AND DEPARTMENT OF PUBLIC WORKS AND HIGHWAYS REGION 02 (DPWH RO2) REPRESENTED BY ITS OFFICER IN CHARGE, ENGR. LORETA M. MALALAUAN, REGARDING THE TURN-OVER OF THE EVACUATION CENTER PROJECT LOCATED AT SITIO MANALPAAC, SAN PABLO, CAUAYAN CITY','RESO No. 2021-011','2021-02-10','','2021-02-10','Approved',NULL,'res. 2021-011.pdf','Resolution',0),(62,'RESOLUTION COMMENDING MS. DAISIE GARCIA ROMERO, ED.D., MASTER TEACHER I OF CAUAYAN CITY NATIONAL HIGH SCHOOL (MAIN CAMPUS) AWARDED AS MOST OUTSTANDING MASTER TEACHER (SECONDARY LEVEL) DURING THE 2020 STAR AWARDS, DEPARTMENT OF EDUCATION, REGION II, CAGAYAN VALLEY HELD AT SDO QUIRINO, CABARROGUIS, QUIRINO LAST DECEMBER 17, 2020','RESO No. 2021-013','2021-02-17','','2021-02-17','Approved',NULL,'res. 2021-013.pdf','Resolution',0),(63,'RESOLUTION COMMENDING MS. LEAH JOYCE CORPUZ QUILANG, MAED., TEACHER 111 OF CAUAYAN CITY NATIONAL HIGH SCHOOL (MAIN CAMPUS) AWARDED AS MOST OUTSTANDING TEACHER (SECONDARY LEVEL) DURING THE 2020 STAR AWARDS, DEPARTMENT OF EDUCATION, REGION 11, CAGAYAN VALLEY HELD AT SDO QUIRINO, CABARROGUIS, QUIRINO LAST DECEMBER 17, 2020','RESO No. 2021-014','2021-02-17','','2021-02-17','Approved',NULL,'res. 2021-014.pdf','Resolution',0),(64,'RESOLUTION AUTHORIZING THE HON. BERNARD FAUSTINO M. DY, CITY MAYOR TO\r\nENTER INTO A MEMORANDUM OF AGREEMENT (MOA) WITH THE \"REFERRAL HOSPITAL\" TO FACILITATE AND IMPLEMENT THE VACCINATION PLAN FOR COVID-19','RESO No. 2021-015','2021-02-23','','2021-02-23','Approved',NULL,'res. 2021-015.pdf','Resolution',0),(65,'RESOLUTION ADOPTING THE LOCAL HEAL TH BOARD RESOLUTION NO. 02, SERIES OF 2021 TITLED \"RESOLUTION APPROVING THE MICROPLAN OF RURAL HEAL TH UNIT 1, 2 AND 3\", OF THE CITY OF CAUA YAN, ISABELA','RESO No. 2021-015A','2021-03-02','','2021-03-02','Approved',NULL,'res. 2021-015A.pdf','Resolution',0),(66,'RESOLUTION AUTHORIZING THE HON. BERNARD FAUSTINO M. DY, CITY MAYOR TO NEGOTIATE AND ENTER INTO A DEED OF ABSOLUTE SALE FOR THE PROCUREMENT OF A PARCEL OF LAND TO BE UTILIZED AS SANITARY LANDFILL FOR THE HAULED RESIDUAL MUNICIPAL SOLID WASTE (MSW), COVERED BY TCT NO. CLOA-03997 WITH AN AREA OF TWENTY THOUSAND (20,000) SQUARE \r\nMETERS, MORE OR LESS LOCATED AT BARANGAY SAN PABLO, CITY OF CAUAY AN, ISABELA','RESO No. 2021-016','2021-03-02','','2021-03-02','Approved',NULL,'res. 2021-016.pdf','Resolution',0),(67,'RESOLUTION AUTHORIZING THE HON. BERNARD FAUSTINO M. DY, CITY MAYOR, TO ENTER INTO A MEMORANDUM OF AGREEMENT (MOA) WITH THE DEPARTMENT \r\nOF ENVIRONMENTAL AND NATURAL RESOURCES ENVIRONMENTAL MANAGEMENT BUREAU REGIONAL OFFICE 02 (DENR-EMB RO2), REPRESENTED BY ITS OIC REGIONAL DIRECTOR, ENGR. VIRGILIO L. LICUANAN, TO UNDERTAKE/IMPLEMENT THE FEASIBILITY STUDY ON SOLID WASTE MANAGEMENT FACILITY OF THE CITY GOVERNMENT OF CAUAYAN FOR LOCAL GOVERNMENT UNIT - CLUSTER','RESO No. 2021-018','2021-03-02','','2021-03-02','Approved',NULL,'res. 2021-018.pdf','Resolution',0),(68,'RESOLUTION APPROVING THE GRANTING THE AMOUNT OF THREE THOUSAND \r\n(tt3,000.00) PESOS MILESTONE ANNIVERSARY BONUS TO ALL EMPLOYEES OF THE CITY GOVERNMENT OF CAUAYAN','RESO No. 2021-019','2021-03-09','','2021-03-09','Approved',NULL,'res. 2021-019.pdf','Resolution',0),(69,'RESOLUTION AUTHORIZING THE HON. BERNARD FAUSTINO M. DY, CITY MAYOR, TO ENROLL THE FOLLOWING LBP BANK ACCOUNTS IN REMITTING TAXES \r\nTHROUGH ELECTRONIC FILING AND PAYMENT SYSTEM (EFPS)','RESO No. 2021-020','2021-03-09','','2021-03-09','Approved',NULL,'res. 2021-020.pdf','Resolution',0),(70,'RESOLUTION NAMING AND RENAMING OF EXISTING ROADS AND UNNAMED \r\nSTREETS LOCATED AT BARANGAY TAGARAN, CITY OF CAUAYAN, ISABELA','RESO No. 2021-021','2021-03-09','','2021-03-09','Approved',NULL,'res. 2021-021.pdf','Resolution',0),(71,'RESOLUTION AUTHORIZING THE HON. BERNARD FAUSTINO M. DY, CITY MAYOR TO ENTER INTO A MEMORANDUM OF AGREEMENT (MOA) WITH THE ASIAN INSTITUTE OF MANAGEMENT (AIM) AND THE ISABELA STATE UNIVERSITY REGARDING THE IMPLEMENTATION OF PLATFORM FOR ASSESSMENT AND TRACKING OR URBANIZATION-RELATED OPPORTUNITIES (PATURO) PROJECT IN THE CITY OF CAUAYAN, ISABELA','RESO No. 2021-022','2021-03-09','','2021-03-09','Approved',NULL,'res. 2021-022.pdf','Resolution',0),(72,'RESQLUTION APPROVING THE ONE HUNDRED (100) APPLICATIONS FOR FRANCHISE TO OPERATE MOTORIZED TRICYCLES WITHIN THE TERRITORIAL JURISDICTION OF THE CITY OF CAUAYAN, ISABELA','RESO No. 2021-023','2021-03-09','','2021-03-09','Approved',NULL,'res. 2021-023.pdf','Resolution',0),(73,'RESOLUTION REQUESTING THE DEPARTMENT OF SCIENCE AND TECHNOLOGY (DOST) REQUESTING THRU ENGR. SANCHO A. MABBORANG, REGIONAL DIRECTOR, TO PROVIDE ONE (1) UNIT UPRIGHT LOOM WEAVING MACHINE AND SEWING MACHINE TO THE INDIGENOUS PEOPLES ORGANIZATION IN THE CITY OF CAUAYAN, ISABELA','RESO No. 2021-024','2021-03-09','','2021-03-09','Approved',NULL,'res. 2021-024.pdf','Resolution',0),(74,'RESOLUTION WAIVING RIGHTS TO CONFIDENTIALITY OF INFORMATION BY \r\nAUTHORIZING THE LAND BANK OF THE PHILIPPINES (LBP) TO DISCLOSE TO THE BANGKO SENTRAL NG PILIPINAS (BSP) THE TRANSACTIONS OF THE CITY GOVERNMENT OF CAUAYAN REGARDING ALL INFORMATION PERTAINING TO THE \r\nDEPOSITS, INVESTMENTS, LOANS OR OTHER TRANSACTIONS INCLUDING THE \r\nHISTORY OR STATUS OF ITS DEALINGS WITH SAID BANKS OR FINANCIAL INSTITUTIONS AND FOR THE BSP TO MAKE ALL INQUIRIES AS MAY BE NECESSARY REGARDING THE SAME','RESO No. 2021-025','2021-03-09','','2021-03-09','Approved',NULL,'res. 2021-025.pdf','Resolution',0),(75,'RESOLUTION DESIGNATING ATTY. RACMA F. GARCIA, DEPARTMENT HEAD, CITY URBAN POOR AFFAIRS OFFICER AND MS. LEILANIE 8. GAMMAD, RECORDS OFFICER Ill, BOTH OF THE CITY GOVERNMENT OF CAUAY AN, AS REPRESENTATIVES AND LIAISON OFFICERS TO DEAL WITH VARIOUS GOVERNMENT INSTITUTIONS AND AGENCIES','RESO No. 2021-026','2021-03-09','','2021-03-09','Approved',NULL,'res. 2021-026.pdf','Resolution',0),(76,'RESOLUTION AUTHORIZING THE HON. BERNARD FAUSTINO M. DY, CITY MAYOR TO SIGN/ENTER INTO A MEMORANDUM OF AGREEMENT WITH THE MANDALA CONSULTANCY AND MANAGEMENT SERVICE, INC., REPRESENTED BY MARYDELL B. AGUILAR, MANAGING PARTNER IN THE ENGAGEMENT OF A HIGHLY TECHNICAL CONSUL TANT FOR THE CONSTRUCTION OF ISABELA CONVENTION CENTER TO ASSIST THE MARKET RESEARCH, CONCEPTUALIZATION AND FINANCIAL PROJECTIONS FOR PLANNING AND IMPLEMENTATION STRATEGIES OF THE PROJECT','RESO No. 2021-026A','2021-03-09','','2021-03-09','Approved',NULL,'res. 2021-026A.pdf','Resolution',0),(77,'RESOLUTION AUTHORIZING THE HON. BERNARD FAUSTINO M. DY, CITY MAYOR TO ENTER INTO A MEMORANDUM OF AGREEMENT (MOA) WITH THE DEPARTMENT OF AGRICULTURE -NATIONAL MEAT INSPECTION SERVICE (DA-NMIS) FOR THE CONSTRUCTION, REHABILITATION AND/OR COMPLETION OF THE MEAT ESTABLISHMENT IN THE CITY OF CAUAYAN, ISABELA','RESO No. 2021-027','2021-03-16','','2021-03-16','Approved',NULL,'res. 2021-027.pdf','Resolution',0),(78,'RESOLUTION AUTHORIZING THE HON. BERNARD FAUSTINO M. DY, CITY MAYOR TO UTILIZE FUNDS OF THE DEPARTMENT OF EDUCATION -SCHOOLS DIVISION OFFICE OF CAUAYAN CITY TO PURCHASE ONE (1) UNIT BRAND NEW SPORTS UTILITY VEHICLE IN THE AMOUNT OF TWO MILLION, SIX HUNDRED THOUSAND PESOS (t-2,600,000.00) FROM THE SPECIAL EDUCATION FUND (SEF)','RESO No. 2021-028','2021-03-23','','2021-03-23','Approved',NULL,'res. 2021-028.pdf','Resolution',0),(79,'RESOLUTION AUTHORIZING THE HON. BERNARD FAUSTINO M. DY, CITY MAYOR, TO ENTER INTO A DEED OF ABSOLUTE SALE WITH MR. FERDINAND C. ORDONEZ, FOR A CERTAIN PARCEL OF LAND CONTAINING AN AREA OF 5,000 SQUARE METERS MORE OR LESS LOCATED AT BARANGAY TAGARAN, CITY OF CAUAYAN, COVERED BY KATIBAYAN NG ORIHINAL NA TITULO BLG. P-67645.','RESO No. 2021-029','2021-03-23','','2021-03-23','Approved',NULL,'res. 2021-029.pdf','Resolution',0),(80,'A RESOLUTION STRONGLY SUPPORTING THE ESTABLISHMENT OF A REGIONAL SPORTS ACADEMY IN THE CITY OF CAUAYAN, ISABELA AND CALLING UPON ALL NATIONAL AND LOCAL AGENCIES FOR THE SPEEDY REALIZATION OF SUCH PROJECT','RESO No. 2021-030','2021-03-23','','2021-03-23','Approved',NULL,'res. 2021-030.pdf','Resolution',0),(81,'RESOLUTION ALLOWING THE PHILIPPINE NATIONAL POLICE PERSONNEL OF CAUAYAN CITY POLICE STATION TO CONDUCT A TREE PLANTING ACTIVITY AT THE VARIOUS BARANGAY IN THE CITY OF CAUAYAN. ISABELA ','RESO No. 2021-031','2021-03-23','','2021-03-23','Approved',NULL,'res. 2021-031.pdf','Resolution',0),(82,'RESOLUTION OF CONDOLENCE AND SYMPATHY EXPRESSED BY THE CITY OFFICIALDOM TO THE BEREAVED FAMILY OF THE LATE FORMER CITY COUNCILOR HONORABLE BAGNOS A. MAXIMO','RESO No. 2021-032','2021-04-14','','2021-04-14','Approved',NULL,'res. 2021-032.pdf','Resolution',0),(83,'RESOLUTION AUTHORIZING THE HON. BERNARD FAUSTINO M. DY, CITY MAYOR, TO SIGN/ENTER INTO A MEMORANDUM OF UNDERSTANDING (MOU) BETWEEN THE NATIONAL NUTRITION COUNCIL AND THE CITY GOVERNMENT OF CAUAYAN FOR PURPOSE OF PROVIDING TECHNICAL AND LOGISTICAL SUPPORT TO THE CITY OF CAUAYAN FOR THE \"DIETARY SUPPLEMENTATION PROGRAM (DSP) OF TUTOK KAINAN FOR PREGNANT WOMEN\" IN 24 BARANGAYS AND COVERING 64 PREGNANT WOMEN','RESO No. 2021-033','2021-04-14','','2021-04-14','Approved',NULL,'res. 2021-033.pdf','Resolution',0),(84,'RESOLUTION AUTHORIZING THE HON. BERNARD FAUSTINO M. DY, CITY MAYOR, TO RENEW THE CONTRACT OF SERVICE OF MR. PILARITO R. MALLILLIN AS SECURITY OFFICER Ill FROM THE PLANTILLA OF PUBLIC ORDER AND SAFETY DIVISION (POSD) IN THE CITY GOVERNMENT OF CAUAYAN, ISABELA, RETROACTIVE FROM APRIL 01, 2021 TO SEPTEMBER 30, 2021 AND TO INCREASE THE MONTHLY REMUNERATION FROM SALARY GRADE 11 TO SALARY GRADE 18','RESO No. 2021-034','2021-04-14','','2021-04-14','Approved',NULL,'res. 2021-034.pdf','Resolution',0),(85,'RESOLUTION AUTHORIZING THE HON. BERNARD FAUSTINO M. DY, CITY MAYOR, TO SIGN/ENTER INTO A MEMORANDUM OF AGREEMENT (MOA) WITH THE DEPARTMENT OF HEAL TH - CAGAYAN VALLEY CENTER FOR HEALTH DEVELOPMENT, REPRESENTED BY IT REGIONAL DIRECTOR, DR. RIO L. MAGPANTAY, FOR THE TRANSFER OF FUNDS IN FAVOR OF THE CITY GOVERNMENT OF CAUAYAN IN THE AMOUNT OF FOUR HUNDRED FIFTY THREE THOUSAND TWO HUNDRED THIRTY - ONE PESOS AND NINETY CENTAVOS (PhP 453,231.00) FOR THE PROVISION OF MEALS, ACCOMMODATION AND LIFE INSURANCE OF THE CITY GOVERNMENT\'S ELIGIBLE HEAL TH WORKERS','RESO No. 2021-035','2021-04-14','','2021-04-14','Approved',NULL,'res. 2021-035.pdf','Resolution',0),(86,'RESOLUTION AUTHORIZING THE HON. BERNARD FAUSTINO M. DY, CITY MAYOR, TO ENTER INTO A MEMORANDUM OF AGREEMENT (MOA) WITH THE DEPARTMENT OF LABOR AND EMPLOYMENT REGIONAL OFFICE 02 REPRESENTED BY ITS REGIONAL DIRECTOR, JOEL M. VELASQUE? FOR THE IMPLEMENTATION OF TULONG PANGHANAPBUHAY SA ATING DISPLACED/DISADVANTAGED (TUPAD) WORKERS PROGRAM IN THE CITY OF CAUAYAN, ISABELA','RESO No. 2021-036','2021-04-20','','2021-04-20','Approved',NULL,'res. 2021-036.pdf','Resolution',0),(87,'RESOLUTION APPROVING THE EIGHTY-TWO (82) APPLICATIONS FOR FRANCHISE TO OPERATE MOTORIZED TRICYCLES WITHIN THE TERRITORIAL JURISDICTION OF THE \r\nCITY OF CAUAYAN, ISABELA','RESO No. 2021-037','2021-04-20','','2021-04-20','Approved',NULL,'res. 2021-037.pdf','Resolution',0),(88,'RESOLUTION COMMENDING THE EXECUTIVE AND WORKING COMMITTEES HEADED BY MR. MICHAEL T. DE GUZMAN, SR., FOR THEIR UNSELFISH SERVICE AND EXTENDING GRATITUDE FOR THE SUCCESS OF THE GAWAYGAWAY-YAN FESTIVAL 2021 THE NEW NORMAL OF THE CITY OF CAUAYAN, ISABELA','RESO No. 2021-039','2021-04-20','','2021-04-20','Approved',NULL,'res. 2021-039.pdf','Resolution',0),(89,'RESOLUTION AUTHORIZING THE HON. BERNARD FAUSTINO M. DY, CITY MAYOR, TO ENTER INTO A MEMORANDUM OF AGREEMENT (MOA) WITH THE DEPARTMENT OF SOCIAL WELFARE AND DEVELOPMENT REPRESENTED BY ITS OIC REGIONAL DIRECTOR, MS. LUCIAS. ALAN, FOR THE IMPLEMENTATION OF BALIK PROBINSYA, BAGONG PAG-ASA (BP2) PROGRAMS IN THE CITY OF CAUAYAN, ISABELA','RESO No. 2021-040','2021-04-27','','2021-04-27','Approved',NULL,'res. 2021-040.pdf','Resolution',0),(90,'RESOLUTION APPROVING THE PHILIPPINE INSTITUTE OF ENVIRONMENTAL PLANNERS (PIEP) NORTHERN LUZON CHAPTER TO PARTICIPATE IN THE \r\nCITY DEVELOPMENT COUNCIL OF THE CITY GOVERNMENT OF CAUAYAN','RESO No. 2021-041','2021-04-27','','2021-04-27','Approved',NULL,'res. 2021-041.pdf','Resolution',0),(91,'RESOLUTION REQUESTING THE DEPARTMENT OF BUDGET AND MANAGEMENT THROUGH SECRETARY WENDEL E. AVISADO TO ALLOCATE FUNDS IN THE AMOUNT OF TEN MILLION (P10,000,000.00) PESOS FOR THE INSTALLATION OF SOLAR STREET LIGHTS FROM BARANGAY NAGCAMPEGAN TO BARANGAY VILLA LUNA, CAUAYAN CITY, ISABELA','RESO No. 2021-042','2021-04-27','','2021-04-27','Approved',NULL,'res. 2021-042.pdf','Resolution',0),(92,'RESOLUTION AUTHORIZING THE HON. BERNARD FAUSTINO M. DY, CITY MAYOR TO ENTER INTO A MEMORANDUM ENTER INTO A MEMORANDUM OF AGREEMENT WITH THE COMMISSION ON POPULATION AND DEVELOPMENT -REGION II, REPRESENTED BY MS. HERITA 0. MACCARUBBO, REGIONAL DIRECTOR, FOR THE ALLOTMENT OF ONE HUNDRED TWENTY SEVEN THOUSAND EIGHT HUNDRED SEVENTY SIX PESOS AND 93/100 (PHP127,876.93) FOR THE INTENSIFIED IMPLEMENTATION OF PHILIPPINE POPULATION MANAGEMENT PROGRAM (PPMP) IN THE CITY OF CAUAYAN, ISABELA','RESO No. 2021-043','2021-04-27','','2021-04-27','Approved',NULL,NULL,'Resolution',0),(93,'A RESOLUTION GRANTING FINANCIAL ASSISTANCE TO THE QUALIFIED TENANTS OF \r\nPRIMARK CAUAYAN lN THE FORM OF JOINlNG FEE SUBSIDY IN THE AMOUNT OF \r\nFIVE THOUSAND (P5,000.00) PER STALL TO EASE THEIR FINANCIAL BURDEN \r\nBROUGHT ABOUT BY THE COVID-19 PANDEMIC','RESO No. 2021-044','2021-04-27','','2021-04-27','Approved',NULL,'res. 2021-044.pdf','Resolution',0),(94,'RESOLUTION APPROVING THE FUND UTILIZATION IN THE AMOUNT OF SIX MILLION THREE HUNDRED THIRTY SEVEN FIVE HUNDRED FIFTY EIGHT (P6,337 ,558.00) PESOS DONATED BY THE NATIONAL DISASTER RISK REDUCTION AND MANAGEMENT COUNCIL INTENDED FOR THE VICTIMS OF TYPHOON ULYSSES IN THE CITY OF CAUAYAN, ISABELA','RESO No. 2021-045','2021-04-27','','2021-04-27','Approved',NULL,'res. 2021-045.pdf','Resolution',0),(95,'RESOLUTION APPROVING THE SUPPLEMENTAL ANNUAL INVESTMENT PROGRAM (AIP) OF THE CITY OF CAUAYAN IN THE AMOUNT OF SEVEN HUNDRED TEN MILLION PESOS (710,000,000.00)','RESO No. 2021-045A','2021-04-27','','2021-04-27','Approved',NULL,'res. 2021-045A.pdf','Resolution',0),(96,'RESOLUTION CONFIRMING THE APPOINTMENT OF ENGR. RICARDO V. ALONZO, CITY AGRICULTURIST I, SALARY GRADE 25/1 AT THE CITY AGRICULTURE OFFICE OF THE CITY GOVERNMENT OF CAUAYAN, ISABELA, WITH PERMANENT STATUS EFFECTIVE APRIL 16, 2021','RESO No. 2021-046A','2021-05-04','','2021-05-04','Approved',NULL,'res. 2021-046A.pdf','Resolution',0),(97,'RESOLUTION CONFIRMING THE APPOINTMENT OF MRS. BRENDA Q. GARCIA, CITY ASSESSOR I, SALARY GRADE 25/1 AT THE CITY ASSESSOR\'S OFFICE OF THE CITY GOVERNMENT OF CAUAYAN, ISABELA, WITH PERMANENT STATUS EFFECTIVE APRIL 16, 2021','RESO No. 2021-046B','2021-05-04','','2021-05-04','Approved',NULL,'res. 2021-046B.pdf','Resolution',0),(98,'RESOLUTION APPROVING THE PRELIMINARY APPROVAL AND LOCATIONAL CLEARANCE CERTIFICATE (PALCC) OF PROVIDERS CITY-CAUAYAN CITY OWNED BY PROVIDERS MUL Tl-PURPOSE COOPERATIVE REPRESENTED BY ITS CHAIRPERSON, MS. MARIE DEE B. BELAGAN, EMBRACED BY TCT NOS. T-384607, T-384608, T-384609, T-384609-A, T-381494, T-381495, T-381496, T-381497, T-381498, T- 381499, T-381500, T-381501, T-393457, T-393458, T-378547, T-252323 AND TCT NO. 035-2019003018(T-252324) CONTAINING AN AGGREGATE LAND AREA OF ONE HUNDRED ONE THOUSAND SEVEN HUNDRED NINETY (101,790) SQUARE METERS MORE OR LESS LOCATED AT BARANGAY NUNGNUNGAN II, CITY OF CAUAYAN, ISABELA','RESO No. 2021-047','2021-05-18','','2021-05-18','Approved',NULL,'res. 2021-047.pdf','Resolution',0),(99,'RESOLUTION AUTHORIZING THE CITY MAYOR TO SIGN/ENTER INTO A MEMORANDUM OF UNDERSTANDING (MOU) WITH THE DEPARTMENT OF SOCIAL WELFARE AND DEVELOPMENT (DSWD) FIELD OFFICE 02, REPRESENTED BY ITS OIC-REGIONAL DIRECTOR, MS. LUCIA S. ALAN, FOR THE IMPLEMENTATION OF THE 11TH CYCLE OF SUPPLEMENTARY FEEDING PROGRAM IN DAY CARE CENTERS/CHILD DEVELOPMENT CENTERS IN THE CITY OF CAUAYAN, ISABELA','RESO No. 2021-048','2021-05-18','','2021-05-18','Approved',NULL,'res. 2021-048.pdf','Resolution',0),(100,'RESOLUTION AUTHORIZING THE HON. LEONCIO A. DALIN, JR., ACTING CITY MAYOR TO ENTER INTO A MEMORANDUM OF UNDERSTANDING WITH THE DEPARTMENT OF LABOR AND EMPLOYMENT (DOLE), REGION II, REPRESENTED BY ITS REGIONAL DIRECTOR, DIR. JOEL M. GONZALES, FOR THE IMPLEMENTATION OF THE GOVERNMENT INTERNSHIP PROGRAM (GIP) IN THE CITY OF CAUAYAN, ISABELA','RESO No. 2021-049','2021-05-18','','2021-05-18','Approved',NULL,'res. 2021-049.pdf','Resolution',0),(101,'RESOLUTION AUTHORIZING THE CITY MAYOR TO ENTER INTO A MEMORANDUM OF AGREEMENT WITH THE DEPARTMENT OF SCIENCE AND TECHNOLOGY (DOST), REPRESENTED BY ITS REGIONAL DIRECTOR, ENGR. SANCHO A. MABBORANG, FOR THE IMPLEMENTATION OF THE PROJECT TITLED: LEVERAGING CONTINUING ACTIVITIES FOR THE SMARTER CAUAYAN CITY: DEPLOYMENT OF SMART BIKES IN CAUAYAN CITY IN SUPPORT TO THE SMARTER CITY PROGRAM','RESO No. 2021-050','2021-05-18','','2021-05-18','Approved',NULL,'res. 2021-050.pdf','Resolution',0),(102,'RESOLUTION AUTHORIZING THE ACTING CITY MAYOR TO ENTER INTO A \r\nMEMORANDUM OF AGREEMENT WITH THE DEPARTMENT OF HEAL TH - DOH \r\nCAGAYAN VALLEY CENTER FOR HEALTH DEVELOPMENT, REPRESENTED BY ITS \r\nREGIONAL DIRECTOR, DR. RIO L. MAGPANTAY AND POLICE REGIONAL OFFICE 02 \r\n(PRO 02), REPRESENTED BY ITS REGIONAL DIRECTOR PBGEN CRIZALDO 0. \r\nNIEVE, FOR THE DEPLOYMENT OF NURSE/HEAL TH PROFESSIONALS TO THE \r\nTEMPORARY TREATMENT AND MONITORING FACILITY OF THE CITY OF CAUAYAN, \r\nISABELA','RESO No. 2021-051','2021-05-18','','2021-05-18','Approved',NULL,'res. 2021-051.pdf','Resolution',0),(103,'RESOLUTION APPROVING THE ONE HUNDRED TWENTY TWO (122) APPLICATIONS FOR FRANCHISE TO OPERA TE MOTORIZED TRICYCLES WITHIN THE TERRITORIAL JURISDICTION OF THE CITY OF CAUAYAN, ISABELA','RESO No. 2021-052','2021-05-25','','2021-05-25','Approved',NULL,'res. 2021-052.pdf','Resolution',0),(104,'RES_OLUTION APPROVING THE RELEASE OF THE SHARE OF THE CITY GOVERNMENT OF CAUAYAN FROM THE 2017 COLLECTION OF NATIVE AND BURLEY TOBACCO EXCISE TAX AMOUNTING TO THREE MILLION THREE HUNDRED FOURTEEN THOUSAND SIX HUNDRED EIGHTY EIGHT (3,314,688.00) PESOS','RESO No. 2021-053','2021-05-25','','2021-02-25','Approved',NULL,'res. 2021-053.pdf','Resolution',0),(105,'RESOLUTION AUTHORIZING THE CITY MAYOR TO ENTER INTO A MEMORANDUM OF AGREEMENT BETWEEN THE DEPARTMENT OF SCIENCE AND TECHNOLOGY, COMMISSION ON HIGHER EDUCATION, ISABELA STATE UNIVERSITY AND OFFICE OF THE CONG. FAUSTINO \"INNO\" A. DY, V, FOR THE IMPLEMENTATION OF THE PROJECT: \"METRO CAUAYAN COVID CARE CENTER.\"','RESO No. 2021-054','2021-06-01','','2021-06-01','Approved',NULL,'res. 2021-054.pdf','Resolution',0),(106,'RESOLUTION AUTHORIZING THE HON. BERNARD FAUSTINO M. DY, CITY MAYOR, TO ACCEPT THE TWO (2) DEED OF DONATION FROM ALEJANDRO REALTY DEVELOPMENT CORPORATION REPRESENTED BY ITS PRESIDENT AND TREASURER, MR. JOEL AMOS P.ALEJANDRO AND MANUEL A. ALEJANDRO FOR A CERTAIN PARCEL OF LAND EMBRACED AND COVERED BY TRANSFER CERTIFICATE OF TITLE NO. T-253235 ISSUED BY THE REGISTRY OF DEEDS OF ISABELA, WITH AN AREA OF TWO HUNDRED FORTY TWO (242) SQUARE METERS MORE OR LESS AND MS. MILAGROS B. SIQUIAN, ROAD LOT 1, Pcn-(af)-02-000511 CONTAINING AN AREA OF ONE THOUSAND FIFTY EIGHT (1,058)\r\nSQUARE METERS MORE OR LESS, BOTH LOCATED AT BARANGAY TAGARAN, CITY OF CAUAYAN, TO BE USED AS ROAD RIGHT OF WAY FOR HOME SWEET HOME CMP TO BE NAMED AS \"INOCENCIO ALEJANDRO ROAD\"','RESO No. 2021-055','2021-06-01','','2021-06-01','Approved',NULL,'res. 2021-055.pdf','Resolution',0),(107,'RESOLUTION APPROVING THE REQUEST FOR ACCREDITATION OF UNITED ILOCANDIA FRATERNITY AND SORORITY CIVIC ACTION INC. • CAUAYAN CHAPTER, AS NON­GOVERNMENTAL ORGANIZATION IN THE CITY OF CAUAYAN, ISABELA','RESO No. 2021-056','2021-06-01','','2021-06-01','Approved',NULL,'res. 2021-056.pdf','Resolution',0),(108,'RESOLUTION GRANTING DEVELOPMENT PERMIT IN FAVOR OF PROVIDERS CITY-CAUAYAN \r\nCITY OWNED BY PROVIDERS MUL Tl-PURPOSE COOPERATIVE WHOSE PROPERTY IS \r\nLOCATED AT BARANGAY NUNGNUNGAN II, CITY OF CAUAYAN, ISABELA','RESO No. 2021-057','2021-06-01','','2021-06-01','Approved',NULL,'res. 2021-057.pdf','Resolution',0),(109,'RESOLUTION OF COMMENDATION TO MR. EDRIAN PAUL S. LIAO FOR BEING THE FIRST FILIPINO TO RECEIVE THE PRESTIGIOUS KARSH INTERNATIONAL SCHOLARSHIP PROGRAM GRANTING HIM FREE FULL TUITION FEES, ROOM AND BOARD AND OTHER MANDATORY FEES FOR THE COURSE OF BS MECHANICAL ENGINEERING, MINOR IN COMPUTER SCIENCE, CERTIFICATE IN AEROSPACE ENGINEERING AT DUKE UNIVERSITY, DURHAM, NORTH CAROLINA, UNITED STATES OF AMERICA','RESO No. 2021-058','2021-06-01','','2021-06-01','Approved',NULL,'res. 2021-058.pdf','Resolution',0),(110,'RESOLUTION APPROVING THE REQUEST FOR THE RENEWAL OF ACCREDITATION OF \r\nTEACH FOR THE PHILIPPINES, INC., AS NON-GOVERNMENTAL ORGANIZATION IN THE CITY OF CAUAYAN, ISABELA','RESO No. 2021-059','2021-06-08','','2021-06-08','Approved',NULL,'res. 2021-059.pdf','Resolution',0),(111,'RESOLUTION APPROVING THE ASSIGNING OF THE BGD BUILDING LOCATED AT BURGOS STREET, BARANGAY DISTRICT II, CITY OF CAUAYAN, ISABELA, TO BE DESIGNATED AS THE DISASTER RISK REDUCTION AND MANAGEMENT (DRRM) OFFICE','RESO No. 2021-060','2021-06-08','','2021-06-08','Approved',NULL,'res. 2021-060.pdf','Resolution',0),(112,'RESOLUTION DISMISSING THE ADMINISTRATIVE CASE FILED AGAINST PUNONG BARANGAY DARWIN T. TOLENTINO OF BARANGAY STA. LUCIANA, CITY OF CAUAYAN, ISABELA, FOR THE ALLEGED IRREGULARITIES IN THE USE OF BARANGAY FUNDS INCLUDING IRA WHICH IS LODGED THROUGH THE OFFICE OF THE PRESIDENTIAL COMPLAINT CENTER WITH REFERENCE CODE NO. OC-101-2021-05-12, FOR LACK OF MERIT AND INEFFICIENCY OF EVIDENCE','RESO No. 2021-061','2021-06-08','','2021-06-08','Approved',NULL,'res. 2021-061.pdf','Resolution',0),(113,'A RESOLUTION ADOPTING THE GUIDELINES AND PROCEDURES ISSUED BY THE PHILIPPINE NATIONAL POLICE, ISABELA POLICE PROVINCIAL OFFICE (IPPO CMC 39-2021 IMPLAN TO PR02 MC NO. 2021-33 re ENHANCED OPLAN VISA) ON THE IMPLEMENTATION OF THE \"ENHANCED OPLAN VISA\" WITHIN THE TERRITORIAL JURISDICTION OF CAUAYAN CITY, ISABELA.\"','RESO No. 2021-062','2021-06-08','','2021-06-08','Approved',NULL,'res. 2021-062.pdf','Resolution',0),(114,'RESOLUTION OF COMMENDATION TO CAUAYAN CITY NATIONAL HIGH SCHOOL - MAIN THROUGH ITS PRINCIPAL Ill, DR. PRIMITIVO R. GOROSPE FOR BEING ADJUDGED AS THE SECONDARY MEGA SCHOOL CATEGORY AND SUSTAINABLE SCHOOL CHAMPION, DURING THE FIRST VIRTUAL REGIONAL BRIGADA ESKWELA 2020 BEST IMPLEMENTING SCHOOLS AWARDING CEREMONIES LAST MAY 3, 2021 AT THE DEPARTMENT OF EDUCATION, REGIONAL OFFICE 02, TUGUEGARAO CITY, CAGAYAN','RESO No. 2021-064','2021-06-08','','2021-06-08','Approved',NULL,'res. 2021-064.pdf','Resolution',0),(115,'RESOLUTIO OF COMME DATION TO CAUAYAN SOUTH CENTRAL SCHOOL THROUGH ITS PRINCIPAL, DR. SUSAN R. CRISTOBAL FOR BEING ADJUDGED AS THE ELEMENTARY SUSTAINABLE SCHOOL CHAMPION, OURJ G THE FIRST VIRTUAL REGIONAL BRIGADA ESKWELA 2020 BEST IMPLEMENTING SCHOOLS AWARDING CEREMONIES LAST MAY 3, 2021 AT THE DEPARTMENT OF EDUCATION, REGIONAL OFFICE 02, TUGUEGARAO CITY, CAGAYAN','RESO No. 2021-065','2021-06-08','','2021-06-08','Approved',NULL,'res. 2021-065.pdf','Resolution',0),(116,'RESOLUTION OF COMMENDATION TO CAUAYAN CITY SCIENCE AND TECHNOLOGY HIGH SCHOOL THROUGH ITS PRINCIPAL IV, MR. JOHN R. MINA FOR BEING ADJUDGED AS THE REGIONAL WINNER OF \r\nTHE SECONDARY LEVEL, LARGE CATEGORY CHAMPION, DURING THE FIRST VIRTUAL REGIONAL BRIGADA ESKWELA 2020 BEST IMPLEMENTING SCHOOLS AWARDING CEREMONIES LAST MAY 3, 2021 AT THE DEPARTMENT OF EDUCATION, REGIONAL OFFICE 02, TUGUEGARAO CITY, CAGAYAN','RESO No. 2021-066','2021-06-08','','2021-06-08','Approved',NULL,'res. 2021-066.pdf','Resolution',0),(117,'RESOLUTIO OF COMMENDATION TO CAUAYAN CITY NATIONAL HIGH SCHOOL - RESEARCH ANNEX \r\nTHROUGH ITS PRINCIPAL, MR. FREDERICK A. GAMIDO FOR BEING ADJUDGED AS THE REGIONAL WINNER \r\nOF THE SECONDARY LEVEL, MEDIUM CATEGORY CHAMPION, DURING THE FIRST VIRTUAL REGIONAL BRIGADA ESKWELA 2020 BEST IMPLEMENTING SCHOOLS AWARDING CEREMONIES LAST MAY 3, 2021 AT THE DEPARTMENT OF EDUCATION, REGIONAL OFFICE 02, TUGUEGARAO CITY, CAGAYAN','RESO No. 2021-067','2021-06-08','','2021-06-08','Approved',NULL,'res. 2021-067.pdf','Resolution',0),(118,'RESOLUTION OF COMMENDATION TO CAUAYAN NORTH CENTRAL SCHOOL THROUGH ITS PRINCIPAL, MR. ALBERT B. PERICO FOR BEING ADJUDGED AS THE ELEMENTARY MEGA SCHOOL CHAMPION, DURING THE FIRST VIRTUAL REGIONAL BRIGADA ESKWELA 2020 BEST IMPLEMENTING SCHOOLS AWARDING CEREMONIES LAST MAY 3, 2021 AT THE DEPARTMENT OF EDUCATION, REGIONAL OFFICE 02, TUGUEGARAO CITY, CAGAYAN','RESO No. 2021-068','2021-06-08','','2021-06-08','Approved',NULL,'res. 2021-068.pdf','Resolution',0),(119,'RESOLUTION OF COMMENDATION TO SAN FERMIN ELEMENTARY SCHOOL THROUGH ITS PRINCIPAL, DR. LIWLIWA C. CALPO FOR BEING ADJUDGED AS THE ELEMENTARY MEDIUM SCHOOL CHAMPION, DURING THE FIRST VIRTUAL REGIONAL BRIGADA ESKWELA 2020 BEST IMPLEMENTING SCHOOLS AWARDING CEREMONIES LAST MAY 3, 2021 AT THE DEPARTMENT OF EDUCATION, REGIONAL OFFICE 02, TUGUEGARAO CITY, CAGAYAN','RESO No. 2021-069','2021-06-08','','2021-06-08','Approved',NULL,'res. 2021-069.pdf','Resolution',0),(120,'RESOLUTION OF COMMENDATION TO CABUGAO ELEMENTARY SCHOOL THROUGH ITS PRINCIPAL, MR. CONRADO V. LUMELAY, JR. FOR BEING ADJUDGED AS THE ELEMENTARY SMALL SCHOOL CHAMPION, DURING THE FIRST VIRTUAL REGIONAL BRIGADA ESKWELA 2020 BEST IMPLEMENTING SCHOOLS AWARDING CEREMONIES LAST MAY 3, 2021 AT THE DEPARTMENT OF EDUCATION, REGIONAL OFFICE 02, TUGUEGARAO CITY, CAGAYAN','RESO No. 2021-070','2021-06-08','','2021-06-08','Approved',NULL,'res. 2021-070.pdf','Resolution',0),(121,'RESOLUTION AUTHORIZING THE HON. BERNARD FAUSTINO M. DY, CITY MAYOR, TO ENTER INTO A MEMORANDUM OF UNDERSTANDING (MOU) WITH ISABELA STATE UNIVERSITY, REPRESENTED BY ITS PRESIDENT, DR. RICMAR P. AQUINO, FOR THE FORMULATION OF A BUSINESS PLAN FOR THE CAUAYAN CITY SPORTS COMPLEX AND ISABELA CONVENTION CENTER IN THE CITY OF CAUAYAN, ISABELA','RESO No. 2021-071','2021-06-16','','2021-06-16','Approved',NULL,'res. 2021-071.pdf','Resolution',0),(122,'RESOLUTION ADOPTING SANGGUNIANG PANLALAWIGAN RESOLUTION NO. 2021- 17-01 SERIES OF 2021, TITLED: \"A RESOLUTION ENCOURAGING ALL LOCAL GOVERNMENT UNITS IN THE PROVINCE OF ISABELA TO ENACT AN ORDINANCE PROHIBITING THE SALE AND USAGE OF SINGLE USE OF PLASTIC BAGS WITHIN THEIR JURISDICTION\".','RESO No. 2021-072','2021-06-16','','2021-06-16','Approved',NULL,'res. 2021-072.pdf','Resolution',0),(123,'RESOLUTION APPROVING THE ADOPTION OF THE LOCAL DISASTER RISK REDUCTION AND MANAGEMENT (LDRRM) PLAN FUND SPECIAL TRUST FUND OF 2019 AND 2020 FOR CY - 2021 IN THE AMOUNT OF EIGHT MILLION SEVEN HUNDRED FORTY-FIVE THOUSAND TWO HUNDRED FIFTY-THREE PESOS AND 8/100 (8,745,253.08).','RESO No. 2021-073','2021-06-16','','2021-06-16','Approved',NULL,'res. 2021-073.pdf','Resolution',0),(124,'RESOLUTION AUTHORIZING THE HON. BERNARD FAUSTINO M. DY, CITY MAYOR TO ENTER INTO A JOINT VENTURE AGREEMENT (JVA) WITH QPAX TRAFFIC SYSTEM, INC., REPRESENTED BY ITS CHAIRMAN AND PRESIDENT, MR. MANOLO STEVEN M. ONA, FOR THE IMPLEMENTATION OF THE NO CONTACT APPREHENSION PROGRAM IN THE CITY OF CAUAYAN, ISABELA','RESO No. 2021-074','2021-06-16','','2021-06-16','Approved',NULL,'res. 2021-074.pdf','Resolution',0),(125,'RESOLUTION AUTHORIZING THE HON. BERNARD FAUSTINO M. DY, CITY MAYOR TO ENTER \r\nINTO A MEMORANDUM OF AGREEMENT (MOA) WITH LAND TRANSPORTATION OFFICE (L TO) \r\nREPRESENTED BY ASSISTANT SECRETARY EDGAR C. GALVANTE, FOR THE PURPOSE OF INTERCONNECTING ITS TRAFFIC APPREHENSION SYSTEM AND ITS NO CONTACT APPREHENSION PROJECT WITH THE L TO\'S DRIVER\'S LICENSE SYSTEM AND MOTOR VEHICLE REGISTRATION SYSTEM','RESO No. 2021-075','2021-06-16','','2021-06-16','Approved',NULL,'res. 2021-075.pdf','Resolution',0),(126,'RESOLUTION AUTHORIZING THE HON. BERNARD FAUSTINO M. DY, CITY MAYOR, TO ENTER INTO A DATA SHARING AGREEMENT (DSA) WITH LAND TRANSPORTATION OFFICE (LTO) REPRESENTED BY ASSISTANT SECRETARY, MR EDGAR C. GALVANTE, FOR THE PURPOSE OF ALLOWING DATA SHARING BETWEEN THE CITY GOVERNMENT OF CAUAYAN AND LAND TRANSPORTATION OFFICE IN ACCORDANCE WITH THE IMPLEMENTING RULES AND REGULATIONS (IRR) OF REPUBLIC ACT NO. 10173 OR THE DATA PRIVACY ACT AND NATIONAL PRIVACY COMMISSION CIRCULAR 16-02','RESO No. 2021-076','2021-06-16','','2021-06-16','Approved',NULL,'res. 2021-076.pdf','Resolution',0),(127,'RESOLUTION AUTHORIZING THE HON. BERNARD FAUSTINO M. DY, CITY MAYOR TO ENTER INTO A DATA PROCESSING AGREEMENT (DPA) WITH QPAX TRAFFIC SYSTEM, INC., REPRESENTED BY ITS CHAIRMAN AND PRESIDENT, MR. MANOLO STEVEN M. ONA, FOR THE PURPOSE OF PROCESSING OF PERSONAL INFORMATION COVERED BY THE NO CONTACT APPREHENSION POLICY OF THE CITY SUBJECT TO THE DATA PRIVACY ACT OF 2012 AND RELEVANT ISSUANCES OF THE NATIONAL PRIVACY COMMISSION','RESO No. 2021-077','2021-06-16','','2021-06-16','Approved',NULL,'res. 2021-077.pdf','Resolution',0),(128,'RESOLUTION AUTHORIZING THE HON. BERNARD FAUSTINO M. DY, CITY MAYOR, TO ENTER INTO AN AGREEMENT WITH THE STREETPARK PRODUCTIONS, INC., \r\nREPRESENTED BY ITS PRESIDENT, MR. DAVID JOHNS. AGUILAR, TO SHOWCASE THE BEST PRACTICES OF THE CITY OF CAUAYAN BEING THE ONLY SMART CITY IN THE COUNTRY DURING THE FINAL PITCH SEASON 7: LIVABLE CITIES EDITIONS TO BE AIRED AT CNN PHILIPPINES','RESO No. 2021-078','2021-06-22','','2021-06-22','Approved',NULL,'res. 2021-078.pdf','Resolution',0),(129,'RESOLUTION AUTHORIZING THE HON. BERNARD FAUSTINO M. DY, CITY MAYOR TO ENTER INTO A MEMORANDUM OF AGREEMENT (MOA) WITH THE DEPARTMENT OF HEALTH - CAGAYAN VALLEY CENTER FOR HEALTH DEVELOPMENT, REPRESENTED BY ITS REGIONAL DIRECTOR, RIO L. MAGPANTAY, MD, PHSAE, CESO Ill, FOR THE GRANTING OF COVID-19 SPECIAL RELIEF ASSISTANCE (SRA) TO QUALIFIED HEALTH WORKERS OF THE CITY OF CAUAYAN, CHARGEABLE AGAINST THE PERSONAL SERVICES (PS) AND MAINTENANCE AND OTHER OPERA TING EXPENSES (MOOE) QUICK RESPONSE FUND (QRF) IN THE AMOUNT OF FOUR MILLION ONE HUNDRED THIRTY SIX THOUSAND ONE HUNDRED THIRTY SIX PESOS AND 36/100 (4,136,136.36)','RESO No. 2021-079','2021-06-22','','2021-06-22','Approved',NULL,'res. 2021-079.pdf','Resolution',0),(130,'RESOLUTION OF COMMENDATION TO PLTCOL. GERALD P. GAMBOA, CHIEF OF POLICE, CAUAYAN CITY POLICE STATION FOR HIS EXEMPLARY SERVICE IN THE CITY OF CAUAYAN, ISABELA, FROM JULY 01, 2019 TO JULY 05, 2021','RESO No. 2021-080','2021-06-22','','2021-06-22','Approved',NULL,'res. 2021-080.pdf','Resolution',0),(131,'RESOLUTION AUTHORIZING THE HON. BERNARD FAUSTINO M. DY, CITY MAYOR TO ENTER/SIGN INTO A MEMORANDUM OF AGREEMENT (MOA) WITH THE PROVINCIAL GOVERNMENT OF ISABELA, REPRESENTED BY PROVINCIAL GOVERNOR, HON. RODOLFO T.ALBANO, Ill, REGARDING THE ASSISTANCE REQUESTED BY THE CITY GOVERNMENT OF CAUAYAN TO FUND ITS ROAD CONCRETING PROJECT IN THE AMOUNT OF SEVEN MILLION FIVE HUNDRED THOUSAND (7,500,000.00) PESOS AT BARANGAY SAN PABLO, CITY OF CAUAYAN, ISABELA','RESO No. 2021-081','2021-07-06','','2021-07-06','Approved',NULL,'res. 2021-081.pdf','Resolution',0),(132,'RESOLUTION AUTHORIZING THE HON. BERNARD FAUSTINO M. DY, CITY MAYOR TO ENTER/SIGN INTO A MEMORANDUM OF AGREEMENT (MOA) WITH THE PROVINCIAL GOVERNMENT OF ISABELA, REPRESENTED BY PROVINCIAL GOVERNOR, HON. RODOLFO T. ALBANO, Ill, REGARDING THE ASSISTANCE REQUESTED BY THE CITY GOVERNMENT OF CAUAYAN TO FUND THE REHABILITATION OF CARABATAN GRANDE COMMUNITY CENTER IN THE AMOUNT OF FOUR MILLION (t-4,000,000.00)\r\nPESOS LOCATED AT BARANGAY CARABATAN GRANDE, CITY OF CAUAYAN, ISABELA','RESO No. 2021-082','2021-07-06','','2021-07-06','Approved',NULL,'res. 2021-082.pdf','Resolution',0),(133,'RESOLUTION AUTHORIZING THE HON. BERNARD FAUSTINO M. DY, CITY MAYOR TO ENTER/SIGN INTO A MEMORANDUM OF AGREEMENT (MOA) WITH THE PROVINCIAL GOVERNMENT OF ISABELA, REPRESENTED BY PROVINCIAL GOVERNOR, HON. RODOLFO T. ALBANO, Ill, REGARDING THE ASSISTANCE REQUESTED BY THE CITY GOVERNMENT OF CAUAYAN TO FUND THE REHABILITATION/IMPROVEMENT OF STA. LUCIANA FARM-TO­MARKET ROAD - PHASE I IN THE AMOUNT OF SEVEN MILLION NINE HUNDRED SEVENTY NINE THOUSAND NINE HUNDRED FIFTY FIVE (?7,979,955.00) PESOS LOCATED AT BARANGAY STA. LUCIANA, CITY OF CAUAYAN, ISABELA','RESO No. 2021-083','2021-07-06','','2021-07-06','Approved',NULL,'res. 2021-083.pdf','Resolution',0),(134,'RESOLUTION AUTHORIZING THE HON. BERNARD FAUSTINO M. DY, CITY MAYOR TO ENTER/SIGN INTO A MEMORANDUM OF AGREEMENT (MOA) WITH THE PROVINCIAL GOVERNMENT OF ISABELA, REPRESENTED BY PROVINCIAL GOVERNOR, HON. RODOLFO \r\nT. ALBANO, Ill, REGARDING THE ASSISTANCE REQUESTED BY THE CITY GOVERNMENT OF CAUAYAN TO FUND ITS ROAD CONCRETING PROJECT) IN THE AMOUNT OF SEVEN MILLION FIVE HUNDRED THOUSAND (?7,500,000.00) PESOS LOCATED AT BARANGAY LINGLINGAY, CITY OF CAUAYAN, ISABELA','RESO No. 2021-084','2021-07-06','','2021-07-06','Approved',NULL,'res. 2021-084.pdf','Resolution',0),(135,'RESOLUTION AUTHORIZING THE HON. BERNARD FAUSTINO M. DY, CITY MAYOR TO ENTER/SIGN INTO A MEMORANDUM OF AGREEMENT (MOA) WITH THE PROVINCIAL GOVERNMENT OF ISABELA, REPRESENTED BY PROVINCIAL GOVERNOR, HON. RODOLFO T. ALBANO, 111, REGARDING THE ASSISTANCE REQUESTED BY THE CITY GOVERNMENT OF CAUAYAN TO FUND ITS ROAD CONCRETING PROJECT (PHASE 1) IN THE AMOUNT OF SEVEN MILLION FIVE HUNDRED THOUSAND (7,500,000.00) PESOS AT BARANGAY BACULOD, CITY OF CAUAYAN, ISABELA','RESO No. 2021-086','2021-07-06','','2021-07-06','Approved',NULL,'res. 2021-086.pdf','Resolution',0),(136,'RESOLUTION AUTHORIZING THE HON. BERNARD FAUSTINO M. DY, CITY MAYOR TO ENTER/SIGN INTO A MEMORANDUM OF AGREEMENT (MOA) WITH THE PROVINCIAL GOVERNMENT OF ISABELA, REPRESENTED BY PROVINCIAL GOVERNOR, HON. RODOLFO \r\nT.ALBANO, Ill, REGARDING THE ASSISTANCE REQUESTED BY THE CITY GOVERNMENT OF CAUAYAN TO FUND ITS ROAD CONCRETING PROJECT IN THE AMOUNT OF SEVEN MILLION FIVE HUNDRED THOUSAND (7,500,000.00) PESOS LOCATED AT BARANGAY MALIGAYA, CITY OF CAUAYAN, ISABELA','RESO No. 2021-087','2021-07-06','','2021-07-06','Approved',NULL,'res. 2021-087.pdf','Resolution',0),(137,'RESOLUTION APPROVING THE BARANGAY ORDINANCE NO. 27, SERIES OF 2021 TITLED \"AN ORDINANCE PROVIDING THE ESTABLISHMENT OF CABARUAN CHILD MINDING CENTER AT BARANGAY CABARUAN, CAUAYAN CITY, ISABELA\"','RESO No. 2021-088','2021-07-06','','2021-07-06','Approved',NULL,'res. 2021-088.pdf','Resolution',0),(138,'RESOLUTION APPROVING THE REQUEST FOR ACCREDITATION OF QUEEN ISABELA MANGO PRODUCERS COOPERATIVE, AS NON-GOVERNMENTAL ORGANIZATION IN \r\nTHE CITY OF CAUAYAN, ISABELA','RESO No. 2021-089','2021-07-06','','2021-07-06','Approved',NULL,'res. 2021-089.pdf','Resolution',0),(139,'RESOLUTION APPROVING THE ONE HUNDRD EIGHTEEN (118) APPLICATIONS FOR \r\nFRANCHISE TO OPERA TE MOTORIZED TRICYCLES WITHIN THE TERRITORIAL \r\nJURISDICTION OF THE \r\nCITY OF CAUAYAN, ISABELA','RESO No. 2021-090','2021-07-06','','2021-07-06','Approved',NULL,'res. 2021-090.pdf','Resolution',0),(140,'RESOLUTION ENDORSING THE PROPOSED PROJECT OF THE CITY GOVERNMENT OF CAUAYAN FOR THE CONSTRUCTION OF MUL Tl-PURPOSE BUILDING (AGRICULTURAL BAGSAKAN CENTER) LOCATED AT BARANGAY CABARUAN, CITY \r\nOF CAUAYAN, ISABELA, DULY APPROVED BY THE DEPARTMENT OF BUDGET AND MANAGEMENT (DBM) THRU THE LOCAL GOVERNMENT SUPPORT FUND (LGSF) IN THE AMOUNT OF TEN MILLION PESOS (P10,000,000.00)','RESO No. 2021-091','2021-07-06','','2021-07-06','Approved',NULL,'res. 2021-091.pdf','Resolution',0),(141,'RESOLUTION AUTHORIZING THE HON. BERNARD FAUSTINO M. DY, CITY MAYOR, TO ENTER INTO A MEMORANDUM OF AGREEMENT (MOA) WITH THE ISABELA STATE UNIVERSITY REPRESENTED BY ITS PRESIDENT, MR. RICMAR P. AQUINO, FOR THE PROVISION OF MENTAL HEAL TH PROFESSIONAL AS A MEMBER OF THE MULTl­-SECTORAL TEAM ASSIGNED AT BAHAY PAG-ASA','RESO No. 2021-092','2021-07-13','','2021-07-13','Approved',NULL,'res. 2021-092.pdf','Resolution',0),(142,'RESOLUTION REQUESTING ASSISTANCE FROM THE PHILIPPINE CENTER FOR DEVELOPMENTPOSTHARVEST  AND MECHANIZATION THRU THE RICE COMPETITIVENESS ENHANCEMENT FUND -MECHANIZATION COMPONENT','RESO No. 2021-093','2021-07-13','','2021-07-13','Approved',NULL,'res. 2021-093.pdf','Resolution',0),(143,'RESOLUTION AUTHORIZING THE HON. BERNARD FAUSTINO M. DY, CITY MAYOR, TO ENTER INTO A MEMORANDUM OF AGREEMENT (MOA) WITH THE DEPARTMENT OF AGRICULTURE REGIONAL FIELD OFFICE 02, REPRESENTED BY ITS REGIONAL \r\nEXECUTIVE DIRECTOR, MR. NARCISO A. EDILLO, AND VILLA LUNA MUL Tl-PURPOSE COOPERATIVE FOR THE PUMP IRRIGATION FOR OPEN-SOURCE PROGRAM','RESO No. 2021-094','2021-07-13','','2021-07-13','Approved',NULL,'res. 2021-094.pdf','Resolution',0),(144,'RESOLUTION CONFIRMING THE DESIGNATION OF PLTCOL. SHERWIN FRANCISCO CUNTAPAY AS CHIEF OF POLICE IN THE CAUAYAN CITY POLICE STATION OF THE CITY OF CAUAYAN, ISABELA, EFFECTIVE JULY 05, 2021','RESO No. 2021-095','2021-07-13','','2021-07-13','Approved',NULL,'res. 2021-095.pdf','Resolution',0),(145,'RESOLUTION AUTHORIZING THE HON. BERNARD FAUSTINO M. DY, CITY MAYOR, TO AVAIL THE SERVICES OF UNITED CERTIFICATION SERVICES (UNICERT) FOR THE PURPOSE OF ISO 9001:2015 FOR THE CITY OF CAUAYAN, ISABELA','RESO No. 2021-095A','2021-07-13','','2021-07-13','Approved',NULL,'res. 2021-095A.pdf','Resolution',0),(146,'RESOLUTION APPROVING THE REQUEST FOR ACCREDITATION OF BAMBOOHAY CREDIT COOPERATIVE, AS NON-GOVERNMENTAL ORGANIZATION IN THE CITY OF CAUAY AN, ISABELA','RESO No. 2021-097','2021-07-21','','2021-07-21','Approved',NULL,'res. 2021-097.pdf','Resolution',0),(147,'RESOLUTION CONFIRMING THE APPOINTMENT OF MR. EDWIN B. ASIS, CITY GOVERNMENT DEPARTMENT HEAD I, SALARY GRADE 25/1 AT THE CITY ECONOMIC ENTERPRISES MANAGEMENT OFFICE OF THE CITY GOVERNMENT OF CAUAYAN, ISABELA, WITH PERMANENT STATUS EFFECTIVE JULY 01, 2021','RESO No. 2021-097A','2021-07-21','','2021-07-21','Approved',NULL,'res. 2021-097A.pdf','Resolution',0),(148,'RESOLUTION AUTHORIZING THE CITY MAYOR TO SIGN/ENTER INTO A MEMORANDUM OF AGREEMENT (MOA) WITH THE DEPARTMENT OF SOCIAL WELFARE AND DEVELOPMENT (DSWD) FIELD OFFICE 02, REPRESENTED BY ITS REGIONAL DIRECTOR CESARIO JOEL C. ESPEJO, CESO IV, FOR THE IMPLEMENTATION OF THE 11rH CYCLE OF SUPPLEMENTARY FEEDING PROGRAM IN DAY CARE CENTERS/CHILD DEVELOPMENT CENTERS IN THE CITY OF CAUAYAN, ISABELA','RESO No. 2021-098','2021-07-27','','2021-07-27','Approved',NULL,'res. 2021-098.pdf','Resolution',0),(149,'RESOLUTION AUTHORIZING THE CITY MAYOR TO SIGN THE TERM OF USE REGARDING THE DICT VACCINE ADMINISTRATION SYSTEM (DVAS) WHICH AIMS TO PROVIDE A SYSTEM TO MANAGE THE VACCINE DISTRIBUTION PROCESS FROM DETERMINATION OF TARGETS, REGISTRATION, SCREENING, INOCULATION AND POST-ADMINISTRATION, WITH THE END­GOAL OF CONTRIBUTING TO THE SAFE AND EFFICIENT VACCINATION OF AS MANY PERSONS WITHIN THE SWIFTEST POSSIBLE TIME, IN ACCORDANCE WITH THE PHILIPPINE NATIONAL DEPLOYMENT AND VACCINATION PLAN FOR COVID-19 VACCINES','RESO No. 2021-099','2021-07-27','','2021-07-27','Approved',NULL,'res. 2021-099.pdf','Resolution',0),(150,'RESOLUTION CONFIRMING THE APPOINTMENT OF MR. MICHAEL JOHN C. DELMENDO, JR., CITY GOVERNMENT DEPARTMENT HEAD I, SALARY GRADE 25/1 AT THE CITY ECONOMIC INVESTMENT PROMOTION OFFICE OF THE CITY GOVERNMENT OF CAUAYAN, ISABELA, WITH PERMANENT STATUS EFFECTIVE JULY 01, 2021','RESO No. 2021-099A','2021-07-27','','2021-07-27','Approved',NULL,'res. 2021-099A.pdf','Resolution',0),(151,'RESOLUTION AUTHORIZING THE HON. BERNARD FAUSTINO M. DY, CITY MAYOR TO ENTER INTO A MEMORANDUM OF UNDERSTANDING WITH PADYAK CAUAYAN ISABELA HUB REPRESENTED BY ITS MANAGING PARTNER, MR. GINO TANSECON LAO','RESO No. 2021-100','2021-08-03','','2021-08-03','Approved',NULL,'res. 2021-100.pdf','Resolution',0),(152,'RESOLUTION APPROVING THE PURCHASE OF ONE (1) UNIT BRAND NEW PICK-UP FOR THE OFFICE OF THE SENIOR CITIZENS AFFAIRS IN THE AMOUNT OF ONE MILLION FIVE HUNDREDFORTY-NINE THOUSAND, EIGHT HUNDRED FOURTEEN PESOS AND 80/100 (1,549,814.80)','RESO No. 2021-100A','2021-08-03','','2021-08-03','Approved',NULL,'res. 2021-100A.pdf','Resolution',0),(153,'RESOLUTION APPROVING AND AUTHORIZING THE UTILIZATION OF FUNDS FOR THE PURCHASE OF ONE (1) UNIT BRAND NEW MOTOR VEHICLE, SPECIFICALLY, A VAN IN THE AMOUNT OF TWO MILLION, SIX HUNDRED THOUSAND PESOS (,. 2,600,000.00) FOR THE DEPARTMENT OF EDUCATION -SCHOOLS DIVISION OFFICE OF CAUAYAN CITY FROM THE SPECIAL EDUCATION FUND (SEF)','RESO No. 2021-101','2021-08-10','','2021-08-10','Approved',NULL,'res. 2021-101.pdf','Resolution',0),(154,'RESOLUTION AUTHORIZING THE HON. BERNARD FAUSTINO M. DY, CITY MAYOR, TO \r\nENTER INTO CONTRACT OF SERVICE OF MS. LALAINE D. DELMENDO AS DEVELOPMENT MANAGER OF THE PROGRAMS, POLICIES AND PLANS OF THE CITY GOVERNMENT OF CAUAYAN, ISABELA, EFFECTIVE AUGUST 16, 2021 TO FEBRUARY 15, 2022 WITH A MONTHLY COMPENSATION EQUIVALENT TO SALARY GRADE 22','RESO No. 2021-102','2021-08-10','','2021-08-10','Approved',NULL,'res. 2021-102.pdf','Resolution',0),(155,'RESOLUTION APPROVING THE ONE HUNDRD FIFTY-EIGHT (158) APPLICATIONS FOR FRANCHISE TO OPERA TE MOTORIZED TRICYCLES WITHIN THE TERRITORIAL JURISDICTION OF THE CITY OF CAUAYAN, ISABELA','RESO No. 2021-103','2021-08-10','','2021-08-10','Approved',NULL,'res. 2021-103.pdf','Resolution',0),(156,'RESOLUTION SUPPORTING THE REQUEST FOR ESTABLISHMENT OF NATIONAL BUREAU OF INVESTIGATION (NBI) SATELLITE OFFICE IN THE CITY OF CAUAYAN, ISABELA, AND \r\nAUTHORIZING THE HON. BERNARD FAUSTINO M. DY, CITY MAYOR TO ENTER INTO A MEMORANDUM OF AGREEMENT (MOA) WITH NBI FOR SUCH PURPOSE','RESO No. 2021-104','2021-08-10','','2021-08-10','Approved',NULL,'res. 2021-104.pdf','Resolution',0),(157,'RESOLUTION AUTHORIZING THE HON. BERNARD FAUSTINO M. DY, CITY MAYOR TO ENTER INTO CONTRACT OF SERVICE WITH MR. CHRISTIAN F. GONZALES AS THE YOUTH DEVELOPMENT OFFICER OF THE CITY GOVERNMENT OF CAUAYAN, ISABELA EFFECTIVE AUGUST 16, 2021 TO FEBRUARY 15, 2022 WITH A MONTHLY COMPENSATION EQUIVALENT TO SALARY GRADE 22','RESO No. 2021-104A','2021-08-10','','2021-08-10','Approved',NULL,'RES. 2021-104A.pdf','Resolution',0),(158,'RESOLUTION AUTHORIZING THE HON. BERNARD FAUSTINO M. DY, CITY MAYOR TO ENTER INTO A MEMORANDUM OF AGREEMENT WITH LOCAL GOVERNMENT OF ECHAGUE FOR THE PURPOSE OF AUOWING THE LGU CAUAYAN EMPLOYEE WITH THE REQUIRED LICENSE TO PRACTICE ENVIRONMENTAL PLANNING TO ASSIST THE LGU ECHAGUE IN THE CRAFTING OF ITS COMPREHENSIVE DEVELOPMENT PLAN AND OTHER DEVELOPMENT PLANS ANO PLANNING DOCUMENTS','RESO No. 2021-104B','2021-08-10','','2021-08-10','Approved',NULL,'res. 2021-104B.pdf','Resolution',0),(159,'RESOLUTION GRANTING DEVELOPMENT PERMIT IN FAVOR OF MARIA IMELDA HEIGHTS OWNED BY ENGR. ROGELIO F. OLIVETE WHOSE PROPERTY IS LOCATED AT BARANGAY TAGARAN, CITY OF CAUAYAN, ISABELA','RESO No. 2021-105','2021-08-17','','2021-08-17','Approved',NULL,'res. 2021-105.pdf','Resolution',0),(160,'RESOLUTION GRANTING DEVELOPMENT PERMIT IN FAVOR OF JULIUS CESAR P. JAVIER CMP VILLAGE HOA, INC. OWNED BY MS. EVELYN M. JAVIER AND MR. JOSEPH FRANZ M. JAVIER WHOSE PROPERTY IS LOCATED AT SAN CARLOS, BARANGAY SAN FERMIN, CITY OF CAUAYAN, ISABELA','RESO No. 2021-106','2021-08-17','','2021-08-17','Approved',NULL,'res. 2021-106.pdf','Resolution',0),(161,'RESOLUTION APPROVING THE PRELIMINARY APPROVAL AND LOCATIONAL CLEARANCE CERTIFICATE OF TUMBAGA HEIGHTS SUBDIVISION CMP CONTAINING AN AREA OF ONE HUNDRED ELEVEN THOUSAND FIVE HUNDRED FIFTY-FIVE (111,555) SQUARE METERS MORE OR LESS LOCATED AT BARANGAY NUNGNUNGAN II, CITY OF CAUAYAN, ISABELA','RESO No. 2021-107','2021-08-17','','2021-08-17','Approved',NULL,'res. 2021-107.pdf','Resolution',0),(162,'RESOLUTION AUTHORIZING THE HON. BERNARD FAUSTINO M. DY, CITY MAYOR TO \r\nENTER INTO A MEMORANDUM OF AGREEMENT (MOA) WITH THE FETODA SAVINGS AND DEVELOPMENT COOPERATIVE (FESADECO) FOR THE IMPLEMENTATION OF\r\nVULCANIZING AND CAR WASH PROJECT','RESO No. 2021-108','2021-08-17','','2021-08-17','Approved',NULL,'res. 2021-108.pdf','Resolution',0),(163,'RESOLUTION AUTHORIZING THE HON. BERNARD FAUSTINO M. DY, CITY MAYOR TO ENTER INTO A MEMORANDUM OF AGREEMENT (MOA) WITH THE CAUAYAN CITY\r\nPOTTERY CENTER FOR THE IMPLEMENTATION OF POTTERY ART CRAFTS AND INCUBATION CENTER AND COMMERCIAL PRODUCTION OF BRICKS','RESO No. 2021-109','2021-08-17','','2021-08-17','Approved',NULL,'res. 2021-109.pdf','Resolution',0),(164,'RESOLUTION PROVISIONALLY DENY THE CONFIRMATION OF APPOINTMENTS OF ENGR. RICARDO V. ALONZO, CITY AGRICULTURIST; MRS. BRENDA Q. GARCIA, CITY ASSESSOR; MR. EDWIN B. ASIS, CITY GOVERNMENT DEPARTMENT HEAD I AND MR. MICHAEL JOHN C. DELMENDO, JR., CITY ECONOMIC AND INVESTMENT PROMOTION OFFICER IN THE CITY GOVERNMENT OF CAUAYAN, ISABELA','RESO No. 2021-110','2021-08-17','','2021-08-17','Approved',NULL,'res. 2021-110.pdf','Resolution',0),(165,'RESOLUTION APPROVING THE SUPPLEMENTAL ANNUAL INVESTMENT PROGRAM (AIP) OF THE CITY OF CAUAYAN IN THE AMOUNT OF THREE MILLION THREE HUNDRED FOURTEEN THOUSAND SIX HUNDRED EIGHTY-EIGHT PESOS (3,314,688.00)','RESO No. 2021-110A','2021-08-17','','2021-08-17','Approved',NULL,'res. 2021-110A.pdf','Resolution',0),(166,'RESOLUTION APPROVING THE THREE HUNDRED SEVENTEEN (317) APPLICATIONS FOR FRANCHISE TO OPERATE MOTORIZED TRICYCLES WITHIN THE TERRITORIAL JURISDICTION OF THE CITY OF CAUAYAN, ISABELA','RESO No. 2021-111','2021-08-17','','2021-08-17','Approved',NULL,'res. 2021-111.pdf','Resolution',0),(167,'RESOLUTION APPROVING THE BARANGAY ORDINANCE NO. 2019-009, SERIES OF 2019, TITLED: \"AN ORDINANCE ENACTING THE REVENUE CODE OF BARANGAY SAN PABLO, CITY OF CAUAYAN, ISABELA\"','RESO No. 2021-112','2021-08-31','','2021-08-31','Approved',NULL,'res. 2021-112.pdf','Resolution',0),(168,'RESOLUTION APPROVING THE BARANGAY CATALINA ORDINANCE NO. 02, SERIES OF 221, TITLED: \"AN ORDINANCE IMPOSING TAXES, FEES AND CHARGES PURSUANT TO THE PROVISION OF THE LOCAL GOVERNMENT CODE AND PROVIDING PENAL TY FOR VIOLATION THEREOF\"','RESO No. 2021-117','2021-08-31','','2021-08-31','Approved',NULL,'res. 2021-117.pdf','Resolution',0),(169,'RESOLUTION AUTHORIZING THE HON. BERNARD FAUSTINO M. DY, CITY MAYOR, TO ENTER INTO A DEED OF ABSOLUTE SALE WITH MR. WARLITO RUMBAOA, FOR A CERTAIN PARCEL OF LAND CONTAINING AN AREA OF ONE THOUSAND SIX HUNDRED THIRTY-NINE (1,639) SQUARE METERS MORE OR LESS LOCATED AT BARANGAY BUYON, CITY OF CAUAYAN, COVERED BY OCT NO. P-62207 AND OCT NO. P-62212 TO BE UTILIZED AS CEMETERY SITE','RESO No. 2021-119','2021-08-31','','2021-08-31','Approved',NULL,'res. 2021-119.pdf','Resolution',0),(170,'RESOLUTION AUTHORIZING THE HON. BERNARD FAUSTINO M. DY, CITY MAYOR TO ENTER INTO A MEMORANDUM OF AGREEMENT (MCA) WITH THE DEPARTMENT OF AGRICULTURE REGIONAL OFFICE 02 AND THE ISABELA SEED GROWERS MPC FOR THE CONSTRUCTION OF WAREHOUSE','RESO No. 2021-120','2021-08-31','','2021-08-31','Approved',NULL,'res. 2021-120.pdf','Resolution',0),(171,'RESOLUTION APPROVING THE BARANGAY ORDINANCE NO. 01, SERIES OF 2018, TITLED: \"AN ORDINANCE ENACTING THE REVENUE CODE OF BARANGAY VILLA CONCEPCION, CITY OF CAUAYAN, ISABELA\"','RESO No. 2021-122','2021-09-07','','2021-09-07','Approved',NULL,'res. 2021-122.pdf','Resolution',0),(172,'RESOLUTION APPROVING THE BARANGAY ORDINANCE NO. 01, SERIES OF 2018, TITLED: \"AN ORDINANCE ENACTING THE REVENUE CODE OF BARANGAY BUYON, CITY \r\nOF CAUAYAN, ISABELA\"','RESO No. 2021-123','2021-09-07','','2021-09-07','Approved',NULL,'res. 2021-123.pdf','Resolution',0),(173,'RESOLUTION APPROVING THE BARANGAY ORDINANCE NO. 01, SERIES OF 2018, TITLED: \"AN ORDINANCE ENACTING THE REVENUE CODE OF BARANGAY MANAOAG, CITY OF CAUAYAN, ISABELA\"','RESO No. 2021-124','2021-09-07','','2021-09-07','Approved',NULL,'res. 2021-124.pdf','Resolution',0),(174,'RESOLUTION AUTHORIZING THE HON. BERNARD FAUSTINO M. DY, CITY MAYOR, TO ENTER INTO A DATA PROCESSING AGREEMENT WITH ZIP BUSINESS SERVICES, INC. THAT SHALL FULFIL THE DELIVERY REQUIREMENTS OF THE NO CONTACT APPREHENSION PROGRAM OF THE CITY, SPECIFICALLY THE SENDING OF NOTICE OF VIOLATIONS TO THE REGISTERED ADDRESSES OF THE VEHICLE REGISTERED OWNER','RESO No. 2021-124A','2021-09-07','','2021-09-07','Approved',NULL,'res. 2021-124A.pdf','Resolution',0),(175,'RESOLUTION CONFIRMING THE APPOINTMENT OF MRS. RODEL YN A. ANCHETA, CITY SOCIAL WELFARE AND DEVELOPMENT OFFICER, SALARY GRADE 25/1 AT THE CITY SOCIAL WELFARE AND DEVELOPMENT OFFICE OF THE CITY GOVERNMENT OF CAUAYAN, ISABELA, WITH PERMANENT STATUS EFFECTIVE AUGUST 16, 2021','RESO No. 2021-125','2021-09-07','','2021-09-07','Approved',NULL,'res. 2021-125.pdf','Resolution',0),(176,'RESOLUTION APPROVING THE ONE HUNDRED SEVENTY-FIVE (175) APPLICATIONS FOR FRANCHISE TO OPERATE MOTORIZED TRICYCLES WITHIN THE TERRJTORJAL JURISDICTION OF THE CITY OF CAUAYAN, ISABELA','RESO No. 2021-126','2021-09-07','','2021-09-07','Approved',NULL,'res. 2021-126.pdf','Resolution',0),(177,'RESOLUTION OF COMMENDATION TO CITY HUMAN RESOURCE AND MANAGEMENT OFFICE THROUGH ITS CITY HUMAN RESOURCE AND MANAGEMENT OFFICER, MRS. SHERRY ANN R. BALMACEDA FOR BEING ADJUDGED AS BRONZE AWARDEE OF PROGRAM TO INSTITUTIONALIZE MERITOCRACY AND EXCELENCE IN HUMAN RESOURCE MANAGEMENT (PRIME-HRM), GIVEN BY THE CIVIL SERVICE COMMISSION (CSC)','RESO No. 2021-127','2021-09-07','','2021-09-07','Approved',NULL,'res. 2021-127.pdf','Resolution',0),(178,'RESOLUTION EARNESTLY REQUESTING THE PROVINCIAL GOVERNMENT OF ISABELA THROUGH HON. RODITO T. ALBANO, Ill, PROVINCIAL GOVERNOR OF ISABELA TO DONATE THE DEFUNCT COMMUNITY HOSPITAL LOCATED IN BARANGAY VILLA CONCEPCION TO THE CITY GOVERNMENT OF CAUAYAN, ISABELA, FOR THE PURPOSE OF OPERA TING IT AS BIRTHING CENTER','RESO No. 2021-128','2021-09-07','','2021-09-07','Approved',NULL,'res. 2021-128.pdf','Resolution',0),(179,'RESOLUTION APPROVING THE PRELIMINARY APPROVAL AND LOCATIONAL CLEARANCE CERTIFICATE OF VILLA GAMILLA CMP CONTAINING AN AREA OF FIFTEEN THOUSAND (15,000) SQUARE METERS MORE OR LESS LOCATED AT BARANGAY MINANTE I, CITY OF CAUAYAN, ISABELA','RESO No. 2021-129','2021-09-14','','2021-09-14','Approved',NULL,'res. 2021-129.pdf','Resolution',0),(180,'RESOLUTION AUTHORIZING THE HONORABLE CITY MAYOR BERNARD FAUSTINO M. DY, TO AVAIL THE SERVICES OF AGF CONSULTANCY GROUP-PHILIPPINES TO DEVELOP AND IMPLEMENT THE SMART CITY-ISO 37122 FOR THE CITY OF CAUAYAN, ISABELA','RESO No. 2021-130','2021-09-14','','2021-09-14','Approved',NULL,'res. 2021-130.pdf','Resolution',0),(181,'RESOLUTION APPROVING THE BARANGAY ORDINANCE NO. 2019-001, SERIES OF 2019, TITLED: \"AN ORDINANCE ENACTING THE REVENUE CODE OF BARANGAY CARABATAN CHICA, CITY OF CAUAYAN, ISABELA\"','RESO No. 2021-131','2021-09-14','','2021-09-14','Approved',NULL,'res. 2021-131.pdf','Resolution',0),(182,'RESOLUTION APPROVING THE BARANGAY ORDINANCE NO. 2018-001, SERIES OF 2018, TITLED: \"AN ORDINANCE ENACTING THE REVENUE CODE OF BARANGAY BACULOD, CITY OF CAUAYAN, ISABELA\"','RESO No. 2021-132','2021-09-14','','2021-09-14','Approved',NULL,'res. 2021-132.pdf','Resolution',0),(183,'RESOLUTION AUTHORIZING THE HON. BERNARD FAUSTINO M. DY, CITY MAYOR TO ENTER INTO A MEMORANDUM OF AGREEMENT (MOA) WITH QPAX TRAFFIC SYSTEMS, INC., REPRESENTED BY ITS CHAIRMAN AND PRESIDENT, MR. MANOLO STEVEN M. ONA, FOR THE ESTABLISHMENT OF A SYSTEM THAT WILL ENABLE THE CITY TO MAKE INQUIRIES ON, AND CREATE OR LIFT, ALARMS IN THE LTO\'S SYSTEM FOR TRAFFIC VIOLATIONS NOT COVERED BY THE NO CONTACT APPREHENSION PROGRAM (NCAP)','RESO No. 2021-134','2021-09-14','','2021-09-14','Approved',NULL,'res. 2021-134.pdf','Resolution',0),(184,'RESOLUTION AUTHORIZING THE HON. BERNARD FAUSTINO M. DY, CITY MAYOR TO ENTER INTO A SUPPLEMENT TO THE DATA PROCESSING AGREEMENT (DPA) WITH QPAX TRAFFIC SYSTEM, INC., REPRESENTED BY ITS CHAIRMAN AND PRESIDENT, MR. MANOLO STEVEN M. ONA, FOR THE PURPOSE OF PROCESSING OF PERSONAL INFORMATION COVERED BY THE NO CONTACT APPREHENSION POLICY OF THE CITY SUBJECT TO THE DATA PRIVACY ACT OF 2012 AND RELEVANT ISSUANCES OF THE NATIONAL PRIVACY COMMISSION','RESO No. 2021-135','2021-09-14','','2021-09-14','Approved',NULL,'res. 2021-135.pdf','Resolution',0),(185,'RESOLUTION AUTHORIZING THE HON. BERNARD FAUSTINO M. DY, CITY MAYOR, TO ENTER INTO A SUPPLEMENT TO THE MEMORANDUM OF AGREEMENT (MOA) AND DATA SHARING AGREEMENT (DSA) WITH LAND TRANSPORTATION OFFICE (LTO) REPRESENTED BY ASSISTANT SECRETARY, MR. EDGAR C. GALVANTE, FOR THE PURPOSE OF ALLOWING DATA SHARING BETWEEN THE CITY GOVERNMENT OF CAUAYAN?AND LAND TRANSPORTATION OFFICE IN ACCCORDANCE W!TH THE !MPLEMENTING RULES AND REGULATIONS (IRR) OF REPUBLIC ACT NO. 10173 OR THE DATA PRIVACY ACT AND NATIONAL PRIVACY COMMISSION CIRCULAR 16-02','RESO No. 2021-136','2021-09-14','','2021-09-14','Approved',NULL,'res. 2021-136.pdf','Resolution',0),(186,'RESOLUTION SlGNIFYING \"THE CONSENT OF THE ClTY GOVERNMENT OF CAUAYAN TO\r\nTHE MEMORANDUM OF AGREEMENT WITH DEED OF ASSlGNMENT BETWEEN QPAX\r\nTRAFFIC SYSTEMS, lNC. AND QPAX TRAFFIC SYSTEMS CAUAYAN, lNC.','RESO No. 2021-137','2021-09-14','','2021-09-14','Approved',NULL,'res. 2021-137.pdf','Resolution',0),(187,'ORDINANCE APPROVING THE 2021 ANNUAL BUDGET FOR THE OPERATION OF CITY ECONOMIC ENTERPRISES MANAGEMENT OFFICE (CEEMO) OF THE CITY OF CAUAYAN, ISABELA IN THE AMOUNT OF THIRTEEN MILLION, SIX HUNDRED NINETY-SIX THOUSAND PESOS (13,696,000.00)','ORD No. 2020-354','2020-11-25','','2020-11-25','Approved',NULL,'354.pdf','Ordinance',0),(188,'ORDINANCE AUTHORIZING THE PROPOSED BORROWING OF THE CITY OF CAUAYAN, PROVINCE OF ISABELA, IN THE AMOUNT OF ONE HUNDRED FIFTY MILLION (P 150,000,000.00) PESOS, TO FUND THE CONSTRUCTION OF MULTI-PURPOSE BUILDING AND VARIOUS ROAD PROJECTS OF THELGU','ORD No. 2019-261','2019-12-17','','2019-12-17','Approved',NULL,'Ord. 2020-261.pdf','Ordinance',0),(189,'ORDINANCE APPROVING THE SUPPLEMENTAL OF FUNDS FROM DONATION FROM PROVINCIAL GOVERNMENT OF ISABELA IN THE AMOUNT OF TWENTY MILLION PESOS {20,000,000.00)','ORD No. 2020-269','2020-01-29','','2020-01-29','Approved',NULL,'Ord. 2020-269.pdf','Ordinance',0),(190,'ORDINANCE ABOLISHING THE VACANT POSITION OF MARKET SUPERVISOR II, SG-14 UNDER THE CITY ECONOMIC ENTERPRISE MANAGEMENT DEVELOPMENT OFFICE (CEEMDO) AND CREATING THE POSITION OF ADMINISTRATIVE OFFICER Ill, SG-14 UNDER THE CITY ENRO, CITY GOVERNMENT OF CAUAYAN, ISABELA','ORD No. 2020-270','2020-03-16','','2020-03-16','Approved',NULL,'Ord. 2020-270.pdf','Ordinance',0),(191,'AN ORDINANCE INSTITUTIONALIZING THE DRUG-FREE WORKPLACE POLICY IN THE CITY GOVERNMENT OF CAUAYAN, INCLUDING ITS ALL BARANGAYS. PROVIDING FUNDS THEREOF ANO SANCTIONS THEREOF','ORD No. 2020-274','2020-02-13','','2020-02-13','Approved',NULL,'Ord. 2020-274.pdf','Ordinance',0),(192,'AN ORDINANCE PROVIDING FOR THE PREVENTION, MITIGATION, PREPAREDNESS FOR AND CONTAINMENT OF THE 2019 NOVEL CORONAVIRUS ACUTE RESPIRATORY DISEASE (COVID-19), IMPOSING SANCTIONS FOR VIOLATION THEREOF AND FOR OTHER PURPOSES','ORD No. 2020-282','2020-03-16','','2020-03-16','Approved',NULL,'Ord. 2020-282.pdf','Ordinance',0),(193,'ORDINANCE APPROViNG THE SUPPLEMENTAL BUDGET NO. tr IN THE AMOUNT OF FOUR MILLION, ONE HUNDRED TWENTY THOUSAND, NINE HUNDRED FORTY-TWO PESOS ANO TWENTY-NINE CENTAVOS (4,120,942.29)','ORD No. 2020-284 supplemental #2','2020-04-24','','2020-04-24','Approved',NULL,'Ord. 2020-284 supplemental # 2.pdf','Ordinance',0),(194,'ORDINANCE APPROVING THE SUPPLEMENTAL BUDGET NO.II IN THE AMOUNT OF FOUR MILLION, ONE HUNDRED TWENTY THOUSAND, NINE HUNDRED FORTY-TWO PESOS ANO TWENTY-NINE CENTAVOS {4,120,942.29)','ORD No. 2020-284 supplemental latest','2020-04-24','','2020-04-24','Approved',NULL,'Ord. 2020-284 supplemental latest.pdf','Ordinance',0),(195,'ORDINANCE APPROVING THE SUPPLEMENTAL BUDGET NO. I IN THE AMOUNT OF FOUR MILLION, ONE HUNDRED TWENTY THOUSAND, NINE HUNDRED FORTY-TWO PESOS ANO TWENTY-NINE CENTAVOS (4,120,942.29)','ORD No. 2020-284','2020-04-24','','2020-04-24','Approved',NULL,'Ord. 2020-284.pdf','Ordinance',0),(196,'ORDINANCE APPROVING THE SUPPLEMENTAL BUDGET NO.ll IN THE AMOUNT OF THIRTY- 1WO MILLION, EIGHT HUNDRED EIGHTY-NINE THOUSAND, ONE HUNDRED \r\nNINETY-TWO PESOS ANO 63/100 (32,889,192.63)','ORD No. 2020-285 supplemental latest','2020-04-24','','2020-04-24','Approved',NULL,'Ord. 2020-285 sup latest.pdf','Ordinance',0),(197,'ORDINANCE APPROVING THE SUPPLEMENTAL BUDGET NO.Ill IN THE AMOUNT OF THIRTY· TWO MILLION, EIGHT HUNDRED EIGHTY-NINE THOUSAND, ONE HUNDRED\r\nNINETY-TWO PESOS AND 63/100 (32,889,192.63)','ORD No. 2020-285 supplemental #3','2020-04-24','','2020-04-24','Approved',NULL,'Ord. 2020-285 supplemental # 3.pdf','Ordinance',0),(198,'OROINANCE APPROVING THE SUPPLEMENTAL BUDGET NO. It IN THE AMOUNT OF THIRTY• TWO MILLION, EIGHT HUNDRED EIGHTY-NINE THOUSAND, ONE HUNDRED \r\nNINETY-TWO PESOS AND 63/100 (32,889,192.63)','ORD No. 2020-285','2020-04-24','','2020-04-24','Approved',NULL,'Ord. 2020-285.pdf','Ordinance',0),(199,'ORDINANCE IMPLEMENTING THE CITY WIDE CURFEW TO ALL PERSONS AND NON-ESSENTIAL ESTABUSHIIENTS, WITHIN THE TERRITORIAL JURISDICTION OF CITY OF CAUAYAN, ISABELA FROM 8:00 PM TO 5:00 AM, FOR THE PURPOSE OF THE STRICT IMPLEMENTATION OF ENHANCED COMMUNITY QUARANTINE DUE TO COVlD -19 THREAT','ORD No. 2020-287','2020-03-25','','2020-03-25','Approved',NULL,'Ord. 2020-287.pdf','Ordinance',0),(200,'testtt','EO No. 12435','2000-02-22','test','2000-02-22','Approved',NULL,NULL,'Executive Order',1),(201,'RESOLUTION AUTHORIZING THE HON. BERNARD FAUSTINO M. DY, CITY MAYOR TO ENTER INTO A LABORATORY SERVICE AGREEMENT (LSA) AND SIGN A MEMORANDA RELATION TO TESTING CONTAINTMENT AND HANDLING OF COVID-19 SAMPLES FOR TESTING AT THE BAGUIO GENERAL HOSPITAL AND MEDICAL CENTER (BGHMC) REPRESENTED BY ITS CHIEF, DR. RICARDO B. RUNEZ, JR.','RESO No. 2020 - 059','2020-05-06','','2020-05-06','Approved',NULL,'res. 2020-059.pdf','Resolution',0),(202,'RESOLUTION APPROVING THE RE-ORGANIZATION OF THE DIFFERENT STANDING COMMITTEES OF THE SANGGUNIANG PANLUNGSOD OF THE CITY OF CAUAYAN, ISABELA','RESO No. 2024 - 005','2024-01-23','','2024-01-23','Approved',NULL,'res. 2024-005.pdf','Resolution',0),(203,'RESOLUTION APPROVING THE NINETY-ONE (91) APPLICATIONS FOR FRANCHISE TO OPERATE MOTORIZED TRICYCLES WITHIN THE TERRITORIAL JURISDICTION OF THE CITY OF CAUAYAN, ISABELA','RESO No. 2024 - 008','2024-01-23','','2024-01-23','Approved',NULL,'res. 2024-008.pdf','Resolution',0),(204,'RESOLUTION AUTHORIZING THE HON. BERNARD FAUSTINO M. DY, CITY MAYOR TO ENTER INTO A MEMORAND OF AGREEMENT (MOA) WITH THE DEPARTMENT OF HEALTH REGIONAL OFFICE 02 RE: ALLOCATION OF CASH ASSISTANCE TO HELP DEPRAY VARIOUS EXPENDITURES IN COMBATING AND CONTAINING THE SPREAD OF COVID-19','RESO No. 2021-003','2021-01-28','','2021-01-28','Approved',NULL,'res. 2022-003.pdf','Resolution',0),(205,'RESOLUTION COMMEDING AND EXTENDING GRATITUDE TO MR. JOSE LEANÕ ABAD, CITY ADMINISTRATOR, FOR HIS EXEMPLARY AND UNSELFISH SERVICE TO THE PEOPLE OF THE CITY OF CAUAYAN, ISABELA','RESO No. 2022-072','2022-06-07','','2022-06-07','Approved',NULL,'res. 2022-072.pdf','Resolution',0),(206,'RESOLUTION REQUESTING THE REGIONAL DIRECTOR OF THE DEPARTMENT OF EDUCATION REGIONAL OFFICE 02, MR. BENJAMIN D. PARAGAS, RELATIVE TO THE WILLINGNESS OF THE AND READINESS OF THE CITY OF CAUAYAN, ISABELA, TO HOST THE CAGAYAN VALLEY REGION ATHLETIC ASSOCIATION (CAVRAA) 2022 ON MARCH 8 TO 12, 2022, PROVIDED WITH LIMITED PARTICIPANTS AND LIMITED SPORTING EVENTS.','RESO No. 2022-003','2022-01-18','','2022-01-18','Approved',NULL,'res. 2022-003.pdf','Resolution',0),(207,'A RESOLUTION DEMANDING ISABELA 1 ELECTRIC COOPERATIVE, INC. TO SCHEDULE THE CONDUCT OF DISTRICT ELECTIONS FOR THE BOARD OF DIRECTORS, ANNUAL GENERAL MEMBERSHIP ASSEMBLY AND OTHER SIMILAR ACTIVITIES PURSUANT TO NATIONAL ELECTRIFICATION ADMINISTRATION(NEA) MEMORANDUM NO. 2020-058','RESO No. 2022-004','2022-01-18','','2022-01-18','Approved',NULL,'res. 2022-004.pdf','Resolution',0),(208,'RESOLUTION COMMEDING MR. MICHAEL T. DE GUZMAN, SR., FOR HIS EXEMPLARY LEADERSHIP, UNSELFISH SERVICES AND EXTENDING UTMOST GRATITUDE AS THE DIRECTOR GENERAL OF THE 2021 GAWAYGAWAY-YAN FESTIVAL, CITY OF CAUAYAN, ISABELA','RESO No. 2022-005','2022-01-18','','2022-01-18','Approved',NULL,'res. 2022-005.pdf','Resolution',0),(209,'RESOLUTION APPROVING THE SUPPLEMENTAL ANNUAL INVESTMENT PROGRAM(AIP) OF THE CITY OF CAUAYAN, IN THE AMOUNT OF ELEVEN MILLION ONE HUNDRED NINETY SIX THOUSAND ONE HUNDRED SEVENTEEN PESOS AND 76/10 ( PHP11,196,117,76)','RESO No. 2022-006','2022-01-18','','2022-01-18','Approved',NULL,'res. 2022-006.pdf','Resolution',0),(210,'RESOLUTION AUTHORIZING THE CITY MAYOR. HON. BERNARD FAUSTINO M. DY. CITY MAYOR TO SIGH THE ADDENDUM TO ELECTRONIC PAYMENT SERVICE WITH MULTISYS TECHNOLOGIES CORPORATION REPRESENTED BY ITS PRESIDENT AND APPREHENSION POLICY (NCAP)\"AMONG THE SERVICES TO BE ACTIVATED IN THE E-PAYMENT SYSTEM OF MULTISYS','RESO No. 2022-007','2022-01-18','','2022-01-18','Approved',NULL,'res. 2022-007.pdf','Resolution',0),(211,'RESOLUTION APPROVING THE TENTY-SEVEN (27) APPLICATIONS FOR FRANCHISE TO OPERATE MOTORIZED TRICYCLES WITHIN THE TERRITORIAL JURISDICTION OF THE CITY OF CAUAYAN, ISABELA','RESO No. 2022-008','2022-01-25','','2022-01-25','Approved',NULL,'res. 2022-008.pdf','Resolution',0),(212,'RESOLUTION APPROVING THE BARANGAY ANNUAL BUDGETS FOR YEAR 2022 OF TWENTY-FOUR(24) BARANGAYS NAMELY: MABANTAD, VILLA LUNA, PINOMA, SAN PABLO, CARABATAN GRADEN, VILLA CONCEPCION, GAGABUTAN, CABARUAN, DISIMURAY, BUENA SUERTE, DUMINIT, LABINAB, MALIGAYA, MANAOG, NAGRUMBUAN, TAGARAN AND ROGUS, CITY OF CAUAYAN, ISABELA','RESO No. 2022-010','2022-02-02','','2022-02-02','Approved',NULL,'res. 2022-010.pdf','Resolution',0),(213,'RESOLUTION AUTHORIZING THE HON. BERNARD FAUSTINO M. DY, CITY MAYOR TO RENEW THE CONTRACT OF SERVICE WITH MR. CHRISTIAN F. GONZALES AS THE YOUTH DEVELOPMENT OFFICER OF THE CITY GOVERNMENT OF CAUAYAN, ISABELA EFFECTIVE FEBRUARY 16,2022 TO JUNE 30,2022 WITH A MONTHLY COMPENSATION EQUIVALENT TOSALARY GRADE 22 AND A MONTHLY COMMUNICATION ALLOWANCE OF THREE THOUSAND PESOS(P 3,000.00)','RESO No. 2022-011','2022-02-02','','2022-02-02','Approved',NULL,'res. 2022-011.pdf','Resolution',0);
/*!40000 ALTER TABLE `ordinances` ENABLE KEYS */;
UNLOCK TABLES;

--
-- Table structure for table `records_logs`
--

DROP TABLE IF EXISTS `records_logs`;
/*!40101 SET @saved_cs_client     = @@character_set_client */;
/*!50503 SET character_set_client = utf8mb4 */;
CREATE TABLE `records_logs` (
  `id` int NOT NULL AUTO_INCREMENT,
  `user_id` int DEFAULT NULL,
  `ordinance_id` int DEFAULT NULL,
  `action` text,
  `timestamp` datetime DEFAULT CURRENT_TIMESTAMP,
  `deleted_at` datetime DEFAULT NULL,
  PRIMARY KEY (`id`),
  KEY `user_id` (`user_id`),
  KEY `records_logs_ibfk_2` (`ordinance_id`),
  CONSTRAINT `records_logs_ibfk_1` FOREIGN KEY (`user_id`) REFERENCES `users` (`id`),
  CONSTRAINT `records_logs_ibfk_2` FOREIGN KEY (`ordinance_id`) REFERENCES `ordinances` (`id`)
) ENGINE=InnoDB AUTO_INCREMENT=239 DEFAULT CHARSET=utf8mb4 COLLATE=utf8mb4_0900_ai_ci;
/*!40101 SET character_set_client = @saved_cs_client */;

--
-- Dumping data for table `records_logs`
--

LOCK TABLES `records_logs` WRITE;
/*!40000 ALTER TABLE `records_logs` DISABLE KEYS */;
INSERT INTO `records_logs` VALUES (3,3,3,'Record added','2025-05-07 16:45:11',NULL),(4,3,3,'Record added','2025-05-07 16:51:13',NULL),(5,3,3,'Record added','2025-05-07 16:59:38',NULL),(6,3,3,'Record deleted successfully','2025-05-07 17:00:51',NULL),(7,3,3,'Record added','2025-05-07 17:08:46',NULL),(8,3,3,'Record added','2025-05-07 17:15:46',NULL),(9,3,3,'Record added','2025-05-07 17:16:55',NULL),(10,3,3,'Record added','2025-05-07 17:17:54',NULL),(11,3,3,'Record added','2025-05-07 17:18:53',NULL),(12,3,3,'Record added','2025-05-07 17:19:54',NULL),(13,3,3,'Record added','2025-05-07 17:21:13',NULL),(14,3,3,'Record added','2025-05-07 17:22:30',NULL),(15,3,3,'Record added','2025-05-07 17:23:17',NULL),(16,3,3,'Record added','2025-05-07 17:24:12',NULL),(17,3,3,'Record added','2025-05-07 17:25:07',NULL),(18,3,3,'Record added','2025-05-07 17:26:00',NULL),(19,3,3,'Record added','2025-05-07 17:26:43',NULL),(20,3,3,'Record added','2025-05-07 17:28:01',NULL),(21,3,3,'Record added','2025-05-07 17:29:05',NULL),(22,3,3,'Record added','2025-05-07 17:30:05',NULL),(23,3,3,'Record added','2025-05-07 17:30:59',NULL),(24,3,3,'Record added','2025-05-07 17:31:49',NULL),(25,3,3,'Record added','2025-05-07 17:32:43',NULL),(26,3,3,'Record added','2025-05-07 17:33:26',NULL),(27,3,3,'Record added','2025-05-07 17:34:09',NULL),(28,3,3,'Record added','2025-05-07 17:35:01',NULL),(29,3,3,'Record added','2025-05-07 17:36:01',NULL),(30,3,3,'Record added','2025-05-07 17:36:50',NULL),(31,3,3,'Record added','2025-05-07 17:37:32',NULL),(32,3,3,'Record added','2025-05-07 17:38:38',NULL),(33,3,3,'Record added','2025-05-07 17:39:20',NULL),(34,3,3,'Record added','2025-05-07 17:39:58',NULL),(35,3,3,'Record added','2025-05-07 17:40:56',NULL),(36,3,3,'Record added','2025-05-07 17:41:43',NULL),(37,3,3,'Record added','2025-05-07 17:42:41',NULL),(38,3,3,'Record added','2025-05-07 17:43:26',NULL),(39,3,3,'Record added','2025-05-07 17:44:05',NULL),(40,3,3,'Record added','2025-05-07 17:44:54',NULL),(41,3,3,'Record added','2025-05-07 17:46:43',NULL),(42,3,3,'Record added','2025-05-07 17:47:28',NULL),(43,3,3,'Record added','2025-05-07 17:48:17',NULL),(44,3,3,'Record added','2025-05-07 17:49:20',NULL),(45,3,3,'Record added','2025-05-07 17:50:21',NULL),(46,3,3,'Record added','2025-05-07 17:51:09',NULL),(47,3,3,'Record added','2025-05-08 08:25:53',NULL),(48,3,3,'Record added','2025-05-08 08:27:23',NULL),(49,3,3,'Record added','2025-05-08 08:28:32',NULL),(50,3,3,'Record added','2025-05-08 08:31:40',NULL),(51,3,3,'Record added','2025-05-08 08:32:09',NULL),(52,4,4,'Record deleted successfully','2025-05-08 08:32:38',NULL),(53,3,3,'Record added','2025-05-08 08:36:29',NULL),(54,3,3,'Record added','2025-05-08 08:37:29',NULL),(55,3,3,'Record added','2025-05-08 08:39:18',NULL),(56,3,3,'Record added','2025-05-08 08:40:19',NULL),(57,3,3,'Record added','2025-05-08 08:41:51',NULL),(58,3,3,'Record added','2025-05-08 08:48:26',NULL),(59,3,3,'Record added','2025-05-08 08:50:39',NULL),(60,3,3,'Record added','2025-05-08 08:51:29',NULL),(61,3,3,'Record added','2025-05-08 08:52:30',NULL),(62,3,3,'Record added','2025-05-08 08:53:14',NULL),(63,3,3,'Record added','2025-05-08 08:53:54',NULL),(64,3,3,'Record added','2025-05-08 08:54:38',NULL),(65,3,3,'Record added','2025-05-08 08:55:23',NULL),(66,3,3,'Record added','2025-05-08 08:56:17',NULL),(67,3,3,'Record added','2025-05-08 08:57:03',NULL),(68,3,3,'Record added','2025-05-08 08:57:47',NULL),(69,3,3,'Record added','2025-05-08 08:58:29',NULL),(70,3,3,'Record added','2025-05-08 08:59:54',NULL),(71,3,3,'Record added','2025-05-08 09:00:36',NULL),(72,3,3,'Record added','2025-05-08 09:01:16',NULL),(73,3,3,'Record added','2025-05-08 09:01:56',NULL),(74,3,3,'Record added','2025-05-08 09:02:51',NULL),(75,3,3,'Record added','2025-05-08 09:03:29',NULL),(76,3,3,'Record added','2025-05-08 09:04:20',NULL),(77,3,3,'Record added','2025-05-08 09:04:58',NULL),(78,3,3,'Record added','2025-05-08 09:06:29',NULL),(79,3,3,'Record added','2025-05-08 09:07:49',NULL),(80,3,3,'Record added','2025-05-08 09:09:52',NULL),(81,3,3,'Record added','2025-05-08 09:12:33',NULL),(82,3,3,'Record added','2025-05-08 09:13:28',NULL),(83,3,3,'Record added','2025-05-08 09:14:25',NULL),(84,3,3,'Record added','2025-05-08 09:15:13',NULL),(85,3,3,'Record added','2025-05-08 09:16:01',NULL),(86,3,3,'Record added','2025-05-08 09:16:56',NULL),(87,3,3,'Record added','2025-05-08 09:17:46',NULL),(88,3,3,'Record added','2025-05-08 09:18:29',NULL),(89,3,3,'Record added','2025-05-08 09:20:24',NULL),(90,3,3,'Record added','2025-05-08 10:32:27',NULL),(91,3,3,'Record added','2025-05-08 10:33:38',NULL),(92,3,3,'Record added','2025-05-08 10:34:33',NULL),(93,3,3,'Record added','2025-05-08 10:35:23',NULL),(94,3,3,'Record added','2025-05-08 10:36:24',NULL),(95,3,3,'Record added','2025-05-08 10:39:32',NULL),(96,3,3,'Record added','2025-05-08 10:41:20',NULL),(97,3,3,'Record added','2025-05-08 10:42:28',NULL),(98,3,3,'Record added','2025-05-08 10:43:26',NULL),(99,3,3,'Record added','2025-05-08 10:44:14',NULL),(100,3,3,'Record added','2025-05-08 10:45:19',NULL),(101,3,3,'Record added','2025-05-08 10:46:38',NULL),(102,3,3,'Record added','2025-05-08 10:47:16',NULL),(103,3,3,'Record added','2025-05-08 10:48:12',NULL),(104,3,3,'Record added','2025-05-08 10:49:18',NULL),(105,3,3,'Record added','2025-05-08 10:50:06',NULL),(106,3,3,'Record added','2025-05-08 10:50:48',NULL),(107,3,3,'Record added','2025-05-08 10:51:49',NULL),(108,3,3,'Record added','2025-05-08 10:52:32',NULL),(109,3,3,'Record added','2025-05-08 10:53:26',NULL),(110,3,3,'Record added','2025-05-08 10:54:10',NULL),(111,3,3,'Record added','2025-05-08 10:54:50',NULL),(112,3,3,'Record added','2025-05-08 10:55:34',NULL),(113,3,3,'Record added','2025-05-08 10:56:24',NULL),(114,3,3,'Record added','2025-05-08 13:52:05',NULL),(115,3,3,'Record added','2025-05-08 13:53:42',NULL),(116,3,3,'Record added','2025-05-08 13:56:32',NULL),(117,3,3,'Record added','2025-05-08 13:57:20',NULL),(118,3,3,'Record added','2025-05-08 14:00:11',NULL),(119,3,3,'Record added','2025-05-08 14:01:09',NULL),(120,3,3,'Record added','2025-05-08 14:02:04',NULL),(121,3,3,'Record added','2025-05-08 14:02:48',NULL),(122,3,3,'Record added','2025-05-08 14:33:36',NULL),(123,3,3,'Record added','2025-05-08 14:35:22',NULL),(124,3,3,'Record added','2025-05-08 14:50:52',NULL),(125,3,3,'Record added','2025-05-08 14:53:25',NULL),(126,3,3,'Record added','2025-05-08 15:15:13',NULL),(127,3,3,'Record added','2025-05-08 15:42:37',NULL),(128,3,3,'Record added','2025-05-08 15:43:36',NULL),(129,3,3,'Record added','2025-05-08 15:44:19',NULL),(130,3,3,'Record added','2025-05-08 15:45:16',NULL),(131,3,3,'Record added','2025-05-08 15:46:31',NULL),(132,3,3,'Record added','2025-05-08 15:47:28',NULL),(133,3,3,'Record added','2025-05-08 15:48:24',NULL),(134,3,3,'Record added','2025-05-08 15:58:43',NULL),(135,3,3,'Record added','2025-05-08 15:59:31',NULL),(136,3,3,'Record added','2025-05-08 16:00:37',NULL),(137,3,3,'Record added','2025-05-08 16:04:41',NULL),(138,3,3,'Record added','2025-05-08 16:05:27',NULL),(139,3,3,'Record added','2025-05-08 16:06:09',NULL),(140,3,3,'Record added','2025-05-08 16:07:11',NULL),(141,3,3,'Record added','2025-05-08 16:07:55',NULL),(142,3,3,'Record added','2025-05-08 16:08:42',NULL),(143,3,3,'Record added','2025-05-08 16:09:41',NULL),(144,3,3,'Record added','2025-05-08 16:10:25',NULL),(145,3,3,'Record added','2025-05-08 16:11:38',NULL),(146,3,3,'Record added','2025-05-08 16:12:33',NULL),(147,3,3,'Record added','2025-05-08 16:13:20',NULL),(148,3,3,'Record added','2025-05-08 16:14:04',NULL),(149,3,3,'Record added','2025-05-08 16:14:46',NULL),(150,3,3,'Record added','2025-05-08 16:16:26',NULL),(151,3,3,'Record added','2025-05-08 16:17:09',NULL),(152,3,3,'Record added','2025-05-08 16:18:24',NULL),(153,3,3,'Record added','2025-05-08 16:19:07',NULL),(154,3,3,'Record added','2025-05-08 16:52:48',NULL),(155,3,3,'Record added','2025-05-08 16:54:42',NULL),(156,3,3,'Record added','2025-05-08 16:55:41',NULL),(157,3,3,'Record added','2025-05-08 16:56:49',NULL),(158,3,3,'Record added','2025-05-08 16:58:51',NULL),(159,3,3,'Record added','2025-05-08 17:00:46',NULL),(160,3,3,'Record added','2025-05-08 17:01:36',NULL),(161,3,3,'Record added','2025-05-08 17:02:17',NULL),(162,3,3,'Record added','2025-05-08 17:02:52',NULL),(163,3,3,'Record added','2025-05-08 17:03:50',NULL),(164,3,3,'Record added','2025-05-08 17:04:31',NULL),(165,3,3,'Record added','2025-05-08 17:05:10',NULL),(166,3,3,'Record added','2025-05-08 17:05:56',NULL),(167,3,3,'Record added','2025-05-08 17:06:52',NULL),(168,3,3,'Record added','2025-05-08 17:07:29',NULL),(169,3,3,'Record added','2025-05-08 17:08:09',NULL),(170,3,3,'Record added','2025-05-08 17:08:50',NULL),(171,3,3,'Record added','2025-05-08 17:09:28',NULL),(172,3,3,'Record added','2025-05-08 17:12:14',NULL),(173,3,3,'Record added','2025-05-08 17:14:55',NULL),(174,3,3,'Record added','2025-05-08 17:16:57',NULL),(175,3,3,'Record added','2025-05-08 18:37:53',NULL),(176,3,3,'Record added','2025-05-08 18:38:45',NULL),(177,3,3,'Record added','2025-05-08 18:39:37',NULL),(178,3,3,'Record added','2025-05-08 18:40:21',NULL),(179,3,3,'Record added','2025-05-08 18:42:44',NULL),(180,3,3,'Record added','2025-05-08 18:43:41',NULL),(181,3,3,'Record added','2025-05-08 18:44:28',NULL),(182,3,3,'Record added','2025-05-08 18:45:21',NULL),(183,3,3,'Record added','2025-05-09 08:52:14',NULL),(184,3,3,'Record added','2025-05-09 09:02:58',NULL),(185,3,3,'Record added','2025-05-09 09:10:54',NULL),(186,3,3,'Record added','2025-05-09 09:11:39',NULL),(187,3,3,'Record added','2025-05-09 09:15:32',NULL),(188,3,3,'Record added','2025-05-09 09:32:56',NULL),(189,4,4,'Record added','2025-05-09 13:47:41',NULL),(190,4,4,'Record added','2025-05-09 13:50:04',NULL),(191,4,4,'Record added','2025-05-09 13:51:44',NULL),(192,4,4,'Record added','2025-05-09 14:02:12',NULL),(193,4,4,'Record added','2025-05-09 14:05:13',NULL),(194,4,4,'Record added','2025-05-09 14:08:37',NULL),(195,4,4,'Record added','2025-05-09 14:10:54',NULL),(196,4,4,'Record added','2025-05-09 14:12:19',NULL),(197,4,4,'Record added','2025-05-09 14:13:31',NULL),(198,4,4,'Record added','2025-05-09 14:19:10',NULL),(199,4,4,'Record added','2025-05-09 14:22:52',NULL),(200,4,4,'Record added','2025-05-09 14:24:19',NULL),(201,4,4,'Record added','2025-05-09 14:26:03',NULL),(202,3,3,'Record Edited','2025-05-10 22:31:07',NULL),(203,3,3,'Record Edited','2025-05-10 22:35:19',NULL),(204,3,3,'Record Edited','2025-05-10 22:35:41',NULL),(205,3,3,'Record Edited','2025-05-10 22:35:53',NULL),(206,3,3,'Record Edited','2025-05-10 22:38:23',NULL),(207,3,3,'Record Edited','2025-05-10 22:38:33',NULL),(208,3,3,'Record Edited','2025-05-10 22:39:11',NULL),(209,3,3,'Record Edited','2025-05-10 22:39:18',NULL),(210,3,3,'Record Edited','2025-05-10 22:39:24',NULL),(211,3,3,'Record Edited','2025-05-10 22:42:48',NULL),(212,3,3,'Record Edited','2025-05-10 22:42:58',NULL),(213,3,3,'Record Edited','2025-05-10 22:44:12',NULL),(214,3,3,'Record Edited','2025-05-10 22:44:21',NULL),(215,3,3,'Record Edited','2025-05-10 22:44:31',NULL),(216,3,3,'Record Edited','2025-05-10 22:45:16',NULL),(217,3,3,'Record Edited','2025-05-10 22:47:21',NULL),(218,3,3,'Record Edited','2025-05-10 22:47:27',NULL),(219,3,1,'edited','2025-05-11 17:38:35',NULL),(220,3,1,'edited','2025-05-11 17:44:02',NULL),(221,3,1,'edited','2025-05-11 17:47:35',NULL),(222,1,1,'Record added','2025-05-14 09:21:59',NULL),(223,3,5,'edited','2025-05-14 13:13:11',NULL),(224,3,1,'added documentation','2025-05-22 12:28:13',NULL),(225,3,1,'added documentation','2025-05-22 12:44:08',NULL),(226,3,3,'Record deleted successfully','2025-05-24 12:08:15',NULL),(227,1,1,'Record added','2025-05-24 13:53:29',NULL),(228,1,1,'Record added','2025-05-24 14:22:29',NULL),(229,1,1,'Record added','2025-05-24 14:25:25',NULL),(230,3,3,'Record added','2025-05-26 13:44:50',NULL),(231,3,3,'Record added','2025-05-26 13:56:58',NULL),(232,3,3,'Record added','2025-05-26 13:57:30',NULL),(233,3,3,'Record added','2025-05-26 13:59:20',NULL),(234,3,3,'Record added','2025-05-26 14:20:22',NULL),(235,3,3,'Record added','2025-05-26 14:23:01',NULL),(236,3,3,'Record added','2025-05-26 14:33:48',NULL),(237,3,3,'Record added','2025-05-26 14:35:52',NULL),(238,3,3,'Record added','2025-05-26 14:45:37',NULL);
/*!40000 ALTER TABLE `records_logs` ENABLE KEYS */;
UNLOCK TABLES;

--
-- Table structure for table `users`
--

DROP TABLE IF EXISTS `users`;
/*!40101 SET @saved_cs_client     = @@character_set_client */;
/*!50503 SET character_set_client = utf8mb4 */;
CREATE TABLE `users` (
  `id` int NOT NULL AUTO_INCREMENT,
  `username` varchar(50) NOT NULL,
  `password` varchar(255) NOT NULL,
  `role` enum('admin','user') NOT NULL,
  `user_firstname` varchar(250) NOT NULL,
  `user_middlename` varchar(250) NOT NULL,
  `user_lastname` varchar(250) NOT NULL,
  `user_office` varchar(250) NOT NULL,
  `user_email` varchar(250) NOT NULL,
  `user_image` varchar(250) DEFAULT NULL,
  PRIMARY KEY (`id`),
  UNIQUE KEY `username` (`username`)
) ENGINE=InnoDB AUTO_INCREMENT=7 DEFAULT CHARSET=utf8mb4 COLLATE=utf8mb4_0900_ai_ci;
/*!40101 SET character_set_client = @saved_cs_client */;

--
-- Dumping data for table `users`
--

LOCK TABLES `users` WRITE;
/*!40000 ALTER TABLE `users` DISABLE KEYS */;
INSERT INTO `users` VALUES (1,'admin','$2b$12$BimLi9R8/dt7xkwMpLoX7OUJhMBXh8CV361QzRGrwDS/HrV3sC0ue','admin','JCM','C','R','MO','JCMCR@JCMCR.COM','485762141_3987736468210553_2287013454309264154_n.png'),(3,'admin1','$2b$12$7Ek1iDX4fFLN/7MA/O5Bb.aSV.HPQyOO3C9VKAJWyW0a/MRdq5Ifu','admin','','','','','',''),(4,'test','$2b$12$ZGwXZOFiue8uNYyAaquOa.4PWd3FwvNUs/bNV.vKYTkcl1JVMr50O','user','test','test','test','test','test@test.com','476499628_956063583345350_5749329388925613002_n.jpg'),(5,'Tintin','$2b$12$.SHl57Zh2nvPQMad1OaUt.29KT/g.RMV7eMt4iU5fyOuLBmQDNH/i','admin','Christine Joy','Gaur','Ponce','MOTECH','christinejoy@gmail.com',NULL),(6,'Shean','$2b$12$ha1zQfQlF6oJ3zWLr0QrzuHF5sRFmrvcp2m3hxm14.b9vJo0wHfJi','admin','Shean','Garcia','Ordoñez','MOTECH','zero46735@gmail.com',NULL);
/*!40000 ALTER TABLE `users` ENABLE KEYS */;
UNLOCK TABLES;
/*!40103 SET TIME_ZONE=@OLD_TIME_ZONE */;

/*!40101 SET SQL_MODE=@OLD_SQL_MODE */;
/*!40014 SET FOREIGN_KEY_CHECKS=@OLD_FOREIGN_KEY_CHECKS */;
/*!40014 SET UNIQUE_CHECKS=@OLD_UNIQUE_CHECKS */;
/*!40101 SET CHARACTER_SET_CLIENT=@OLD_CHARACTER_SET_CLIENT */;
/*!40101 SET CHARACTER_SET_RESULTS=@OLD_CHARACTER_SET_RESULTS */;
/*!40101 SET COLLATION_CONNECTION=@OLD_COLLATION_CONNECTION */;
/*!40111 SET SQL_NOTES=@OLD_SQL_NOTES */;

-- Dump completed on 2025-06-04 12:50:46
